n,Dataset,old_n,age,age(old),genotype,strain,name,shape,size,VoxelSizeX,VoxelSizeY,VoxelSizeZ,re-uCT scan,Comments,Phantom,Scaling Value,Arb Value,angle,center
1,EK,40,24,2 year,wt,wt,fli:gfp,"(2000, 640, 640)",819200000,0.020081640692724,0.020081640692724,0.020081640692724,,,LONDON AB,LONDON AB,LONDON AB,185,
2,EK,41,24,2 year,wt,wt,fli:gfp,"(2000, 644, 644)",829472000,0.020081640692724,0.020081640692724,0.020081640692724,,,LONDON AB,LONDON AB,LONDON AB,47,
3,EK,42,24,2 year,wt,wt,fli:gfp,"(2000, 634, 634)",803912000,0.020081640692724,0.020081640692724,0.020081640692724,,,LONDON AB,LONDON AB,LONDON AB,262,
4,EK,43,24,2 year,wt,wt,fli:gfp,"(2000, 620, 620)",768800000,0.020081640692724,0.020081640692724,0.020081640692724,,,LONDON AB,LONDON AB,LONDON AB,238,
5,EK,44,24,2 year,wt,wt,wt,"(2000, 596, 634)",755728000,0.020081640692724,0.020081640692724,0.020081640692724,,,LONDON AB,LONDON AB,LONDON AB,329,
6,EK,45,24,2 year,wt,wt,wt,"(2000, 634, 634)",803912000,0.020081640692724,0.020081640692724,0.020081640692724,,,LONDON AB,LONDON AB,LONDON AB,15,
7,EK,46,24,2 year,wt,wt,wt,"(2000, 614, 614)",753992000,0.020081640692724,0.020081640692724,0.020081640692724,,,LONDON AB,LONDON AB,LONDON AB,34,
8,EK,47,24,2 year,wt,wt,wt,"(1999, 630, 630)",793403100,0.02061989535007,0.02061989535007,0.02061989535007,,,LONDON AB,LONDON AB,LONDON AB,283,
9,EK,48,24,2 year,wt,wt,wt,"(1999, 624, 624)",778362624,0.02061989535007,0.02061989535007,0.02061989535007,,,LONDON AB,LONDON AB,LONDON AB,113,
10,EK,49,24,2 year,wt,wt,wt,"(1999, 634, 634)",803510044,0.02061989535007,0.02061989535007,0.02061989535007,,,LONDON AB,LONDON AB,LONDON AB,252,
11,EK,50,24,2 year,wt,wt,wt,"(1999, 640, 640)",818790400,0.02061989535007,0.02061989535007,0.02061989535007,,shg+histology,LONDON AB,LONDON AB,LONDON AB,251,
12,EK,51,24,2 year,wt,wt,wt,"(1999, 630, 630)",793403100,0.02061989535007,0.02061989535007,0.02061989535007,,shg+histology,LONDON AB,LONDON AB,LONDON AB,76,
13,EK,52,24,2 year,wt,wt,wt,"(1999, 670, 670)",897351100,0.02061989535007,0.02061989535007,0.02061989535007,,shg+histology,LONDON AB,LONDON AB,LONDON AB,104,
14,EK,53,24,2 year,wt,wt,wt,"(1999, 670, 670)",897351100,0.02061989535007,0.02061989535007,0.02061989535007,,,LONDON AB,LONDON AB,LONDON AB,179,
15,EK,54,18,1.5 year,wt,wt,wnt11:cfp,"(1972, 624, 624)",767849472,0.02061989535007,0.02061989535007,0.02061989535007,,,LONDON AB,LONDON AB,LONDON AB,70,
16,EK,55,18,1.5 year,wt,wt,wnt11:cfp,"(1972, 604, 604)",719417152,0.02061989535007,0.02061989535007,0.02061989535007,,,LONDON AB,LONDON AB,LONDON AB,296,
17,EK,56,18,1.5 year,wt,wt,wnt11:cfp,"(1972, 630, 630)",782686800,0.02061989535007,0.02061989535007,0.02061989535007,,Loading rig Elis no deffect,LONDON AB,LONDON AB,LONDON AB,164,
18,EK,57,18,1.5 year,wt,wt,wnt11:cfp,"(1972, 610, 610)",733781200,0.02061989535007,0.02061989535007,0.02061989535007,,loading rig Elis deffect,LONDON AB,LONDON AB,LONDON AB,53,
19,EK,58,18,1.5 year,wt,wt,wnt11:cfp,"(1972, 620, 580)",709131200,0.02061989535007,0.02061989535007,0.02061989535007,,5um resolution for comparison,LONDON AB,LONDON AB,LONDON AB,96,
20,EK,59,18,1.5 year,wt,wt,wnt11:cfp,"(1972, 610, 610)",733781200,0.02061989535007,0.02061989535007,0.02061989535007,,,LONDON AB,LONDON AB,LONDON AB,302,
21,EK,60,18,1.5 year,wt,wt,wnt11:cfp,"(1972, 614, 614)",743436112,0.02061989535007,0.02061989535007,0.02061989535007,,,LONDON AB,LONDON AB,LONDON AB,341,
22,EK,61,18,1.5 year,wt,wt,wnt11:cfp,"(1999, 634, 634)",803510044,0.02061989535007,0.02061989535007,0.02061989535007,,,LONDON AB,LONDON AB,LONDON AB,273,
23,EK,62,18,1.5 year,wt,wt,wnt11:cfp,"(1999, 644, 644)",829057264,0.02061989535007,0.02061989535007,0.02061989535007,,,LONDON AB,LONDON AB,LONDON AB,87,
24,EK,63,18,1.5 year,het,barx1,barx1 +/-,"(1999, 640, 640)",818790400,0.02061989535007,0.02061989535007,0.02061989535007,,,LONDON AB,LONDON AB,LONDON AB,353,
25,EK,64,18,1.5 year,het,barx1,barx1 +/-,"(1999, 634, 558)",707190228,0.02061989535007,0.02061989535007,0.02061989535007,,,LONDON AB,LONDON AB,LONDON AB,204,
26,EK,65,18,1.5 year,het,barx1,barx1 +/-,"(1999, 630, 630)",793403100,0.02061989535007,0.02061989535007,0.02061989535007,,,LONDON AB,LONDON AB,LONDON AB,300,
27,EK,66,18,1.5 year,het,barx1,barx1 +/-,"(1999, 600, 600)",719640000,0.02061989535007,0.02061989535007,0.02061989535007,,,LONDON AB,LONDON AB,LONDON AB,67,
28,EK,67,24,2 YEAR,wt,wt,barx1 sibs,"(1999, 650, 650)",844577500,0.02061989535007,0.02061989535007,0.02061989535007,,,LONDON AB,LONDON AB,LONDON AB,222,
29,EK,68,12,1 year,wt,wt,barx1 sibs,"(1999, 610, 610)",743827900,0.02061989535007,0.02061989535007,0.02061989535007,,,LONDON AB,LONDON AB,LONDON AB,0,
30,EK,69,12,1 year,wt,wt,barx1 sibs,"(1999, 594, 594)",705319164,0.02061989535007,0.02061989535007,0.02061989535007,,,LONDON AB,LONDON AB,LONDON AB,241,
31,EK,70,12,1 year,wt,wt,barx1 sibs,"(1999, 590, 590)",695851900,0.02061989535007,0.02061989535007,0.02061989535007,,,LONDON AB,LONDON AB,LONDON AB,169,
32,EK,71,12,1 year,wt,wt,wt,"(1999, 610, 610)",743827900,0.02061989535007,0.02061989535007,0.02061989535007,,,LONDON AB,LONDON AB,LONDON AB,169,
33,EK,72,12,1 year,wt,wt,wt,"(1999, 580, 584)",677101280,0.02061989535007,0.02061989535007,0.02061989535007,,,LONDON AB,LONDON AB,LONDON AB,128,
34,EK,73,12,1 year,wt,wt,wt,"(1999, 590, 590)",695851900,0.02061989535007,0.02061989535007,0.02061989535007,,,LONDON AB,LONDON AB,LONDON AB,351,
35,EK,74,12,1 year,wt,wt,wt,"(1999, 590, 590)",695851900,0.02061989535007,0.02061989535007,0.02061989535007,,,LONDON AB,LONDON AB,LONDON AB,214,
36,EK,75,7,7 months,wt,wt,col2:mcherry,"(2000, 644, 644)",829472000,0.020098081852814,0.020098081852814,0.020098081852814,,,LONDON AB,LONDON AB,LONDON AB,163,
37,EK,76,7,7 months,wt,wt,col2:mcherry,"(2000, 634, 634)",803912000,0.020098081852814,0.020098081852814,0.020098081852814,,,LONDON AB,LONDON AB,LONDON AB,224,
38,EK,77,7,7 months,wt,wt,col2:mcherry,"(2000, 624, 624)",778752000,0.020098081852814,0.020098081852814,0.020098081852814,,,LONDON AB,LONDON AB,LONDON AB,128,
39,EK,78,7,7 months,wt,wt,col2:mcherry,"(2000, 634, 634)",803912000,0.020098081852814,0.020098081852814,0.020098081852814,,,LONDON AB,LONDON AB,LONDON AB,347,
40,EK,79,7,7 months,wt,wt,col2:mcherry,"(2000, 584, 584)",682112000,0.020098081852814,0.020098081852814,0.020098081852814,,,LONDON AB,LONDON AB,LONDON AB,175,
41,EK,80,7,7 months,wt,wt,col2:mcherry,"(2000, 600, 600)",720000000,0.020098081852814,0.020098081852814,0.020098081852814,,,LONDON AB,LONDON AB,LONDON AB,206,
42,EK,81,7,7 months,wt,wt,col2:mcherry,"(2000, 634, 634)",803912000,0.020098081852814,0.020098081852814,0.020098081852814,,,LONDON AB,LONDON AB,LONDON AB,68,
43,EK,82,30,2.5 year,wt,wt,fli:gfp,"(2000, 600, 600)",720000000,0.020098081852814,0.020098081852814,0.020098081852814,,,LONDON AB,LONDON AB,LONDON AB,321,
44,EK,83,30,2.5 year,wt,wt,fli:gfp,"(2000, 604, 604)",729632000,0.020098081852814,0.020098081852814,0.020098081852814,,,LONDON AB,LONDON AB,LONDON AB,225,
45,EK,84,30,2.5 year,wt,wt,COL10 BAC:YFP,"(2000, 610, 610)",744200000,0.020098081852814,0.020098081852814,0.020098081852814,,,LONDON AB,LONDON AB,LONDON AB,202,
46,EK,85,30,2.5 year,wt,wt,COL10 BAC:YFP,"(2000, 620, 620)",768800000,0.020098081852814,0.020098081852814,0.020098081852814,,,LONDON AB,LONDON AB,LONDON AB,130,
47,EK,86,30,2.5 year,wt,wt,COL10 BAC:YFP,"(2000, 614, 614)",753992000,0.020098081852814,0.020098081852814,0.020098081852814,,,LONDON AB,LONDON AB,LONDON AB,191,
48,EK,87,24,2 year,wt,wt,LONDON AB,"(2000, 630, 630)",793800000,0.020098081852814,0.020098081852814,0.020098081852814,,,LONDON AB,LONDON AB,LONDON AB,98,
49,EK,88,24,2 year,wt,wt,LONDON AB,"(2000, 604, 604)",729632000,0.020098081852814,0.020098081852814,0.020098081852814,,,LONDON AB,LONDON AB,LONDON AB,84,
50,EK,89,4,4 Months,wt,wt,col2:mcherry,"(2000, 610, 610)",744200000,0.020098080885295,0.020098080885295,0.020098080885295,,,LONDON AB,LONDON AB,LONDON AB,36,
51,EK,90,4,4 Months,wt,wt,col2:mcherry,"(2000, 664, 664)",881792000,0.020098080885295,0.020098080885295,0.020098080885295,,,LONDON AB,LONDON AB,LONDON AB,59,
52,EK,91,4,4 Months,wt,wt,col2:mcherry,"(2000, 554, 554)",613832000,0.020098080885295,0.020098080885295,0.020098080885295,,,LONDON AB,LONDON AB,LONDON AB,12,
53,EK,92,4,4 Months,wt,wt,col2:mcherry,"(2000, 520, 520)",540800000,0.020098080885295,0.020098080885295,0.020098080885295,,,LONDON AB,LONDON AB,LONDON AB,33,
54,EK,93,4,4 Months,wt,wt,col2:mcherry,"(2000, 624, 624)",778752000,0.020098080885295,0.020098080885295,0.020098080885295,,,LONDON AB,LONDON AB,LONDON AB,171,
55,EK,94,4,4 Months,wt,wt,col2:mcherry,"(2000, 594, 594)",705672000,0.020098080885295,0.020098080885295,0.020098080885295,,,LONDON AB,LONDON AB,LONDON AB,72,
56,EK,95,4,4 Months,wt,wt,col2:mcherry,"(2000, 600, 600)",720000000,0.020098080885295,0.020098080885295,0.020098080885295,,,LONDON AB,LONDON AB,LONDON AB,171,
57,EK,96,30,2.5 year,wt,wt,LONDON AB,"(2000, 604, 604)",729632000,0.020452327953704,0.020452327953704,0.020452327953704,,,LONDON AB,LONDON AB,LONDON AB,174,
58,EK,97,30,2.5 year,wt,wt,LONDON AB,"(2000, 580, 580)",672800000,0.020452327953704,0.020452327953704,0.020452327953704,,,LONDON AB,LONDON AB,LONDON AB,134,
59,EK,98,30,2.5 year,wt,wt,LONDON AB,"(2000, 604, 604)",729632000,0.020452327953704,0.020452327953704,0.020452327953704,,,LONDON AB,LONDON AB,LONDON AB,62,
60,EK,99,30,2.5 year,wt,wt,LONDON AB,"(2000, 584, 584)",682112000,0.020452327953704,0.020452327953704,0.020452327953704,,,LONDON AB,LONDON AB,LONDON AB,326,
61,EK,100,30,2.5 year,wt,wt,LONDON AB,"(2000, 590, 590)",696200000,0.020452327953704,0.020452327953704,0.020452327953704,,,LONDON AB,LONDON AB,LONDON AB,127,
62,EK,101,30,2.5 year,wt,wt,LONDON AB,"(2000, 580, 580)",672800000,0.020452327953704,0.020452327953704,0.020452327953704,,,LONDON AB,LONDON AB,LONDON AB,189,
63,EK,102,12,1 year,wt,wt,ENTPD5:KAEDA,"(2000, 580, 580)",672800000,0.020452327953704,0.020452327953704,0.020452327953704,,,LONDON AB,LONDON AB,LONDON AB,132,
64,EK,103,18,1.5year,het,runx2,RUNX2 +/-,,,,,,,Where is 100-200?,,,,,
65,EK,200,12,1 year,wt,wt,UAS:kaeda,"(2000, 604, 604)",729632000,0.021003189961379,0.021003189961379,0.021003189961379,* (200_207),"8 fish per scan. Fixed in 4% PFA, Dehydrated to 70% ethanol, wrapped in wet paper and parafilm. Fish in first position has a plastic cap.  * first position . palaeo folder",LONDON AB,LONDON AB,LONDON AB,94,
66,EK,201,12,1 year,wt,wt,UAS:kaeda,"(2000, 630, 630)",793800000,0.021003189961379,0.021003189961379,0.021003189961379,,synchroton,LONDON AB,LONDON AB,LONDON AB,134,
67,EK,202,12,1 year,wt,wt,UAS:kaeda,"(2000, 620, 620)",768800000,0.021003189961379,0.021003189961379,0.021003189961379,,synchroton,LONDON AB,LONDON AB,LONDON AB,327,
68,EK,203,12,1 year,wt,wt,UAS:kaeda,"(2000, 604, 604)",729632000,0.021003189961379,0.021003189961379,0.021003189961379,,synchroton,LONDON AB,LONDON AB,LONDON AB,119,
69,EK,204,12,1 year,wt,wt,UAS:kaeda,"(2000, 614, 614)",753992000,0.021003189961379,0.021003189961379,0.021003189961379,,,LONDON AB,LONDON AB,LONDON AB,162,
70,EK,205,12,1 year,wt,wt,UAS:kaeda,"(2000, 600, 600)",720000000,0.021003189961379,0.021003189961379,0.021003189961379,,,LONDON AB,LONDON AB,LONDON AB,126,
71,EK,206,12,1 year,wt,wt,UAS:kaeda,"(2000, 620, 620)",768800000,0.021003189961379,0.021003189961379,0.021003189961379,,,LONDON AB,LONDON AB,LONDON AB,305,
72,EK,207,12,1 year,wt,wt,UAS:kaeda,"(2000, 600, 600)",720000000,0.021003189961379,0.021003189961379,0.021003189961379,* (208_215),,LONDON AB,LONDON AB,LONDON AB,163,
73,EK,208,12,1 year,wt,wt,UAS:kaeda,,,,,,,,EKPhantoms_21SepLowRes,6.6315,2.5,,
74,EK,209,12,1 year,wt,wt,UAS:kaeda,,,,,,,shg+ histology,EKPhantoms_21SepLowRes,6.6315,2.5,,
75,EK,210,12,1 year,wt,wt,UAS:kaeda,,,,,,,,EKPhantoms_21SepLowRes,6.6315,2.5,,
76,EK,211,12,1 year,wt,wt,UAS:kaeda,,,,,,,shg+ histology,EKPhantoms_21SepLowRes,6.6315,2.5,,
77,EK,212,12,1 year,wt,wt,UAS:kaeda,,,,,,,,EKPhantoms_21SepLowRes,6.6315,2.5,,
78,EK,213,12,1 year,wt,wt,UAS:kaeda,,,,,,,shg+ histology,EKPhantoms_21SepLowRes,6.6315,2.5,,
79,EK,214,12,1 year,wt,wt,UAS:kaeda,,,,,,,,EKPhantoms_21SepLowRes,6.6315,2.5,,
80,EK,215,12,1 year,wt,wt,UAS:kaeda,,,,,,,,EKPhantoms_21SepLowRes,6.6315,2.5,,
81,EK,216,12,1 year,wt,wt,UAS:kaeda,"(2000, 594, 594)",705672000,0.021556144970982,0.021556144970982,0.021556144970982,* (216_223),,LONDON AB,LONDON AB,LONDON AB,204,
82,EK,217,12,1 year,wt,wt,UAS:kaeda,"(2000, 560, 560)",627200000,0.021556144970982,0.021556144970982,0.021556144970982,,,LONDON AB,LONDON AB,LONDON AB,55,
83,EK,218,12,1 year,wt,wt,UAS:kaeda,"(2000, 590, 590)",696200000,0.021556144970982,0.021556144970982,0.021556144970982,,,LONDON AB,LONDON AB,LONDON AB,293,
84,EK,219,12,1 year,wt,wt,UAS:kaeda,"(2000, 580, 580)",672800000,0.021556144970982,0.021556144970982,0.021556144970982,,,LONDON AB,LONDON AB,LONDON AB,118,
85,EK,220,12,1 year,wt,wt,UAS:kaeda,"(2000, 554, 554)",613832000,0.021556144970982,0.021556144970982,0.021556144970982,,,LONDON AB,LONDON AB,LONDON AB,113,
86,EK,221,30,2.5 year,wt,wt,UAS:kaeda,"(2000, 580, 580)",672800000,0.021556144970982,0.021556144970982,0.021556144970982,,,LONDON AB,LONDON AB,LONDON AB,114,
87,EK,222,30,2.5 year,wt,wt,UAS:kaeda,"(2000, 600, 600)",720000000,0.021556144970982,0.021556144970982,0.021556144970982,,,LONDON AB,LONDON AB,LONDON AB,200,
88,EK,223,30,2.5 year,wt,wt,UAS:kaeda,"(2000, 580, 580)",672800000,0.021556144970982,0.021556144970982,0.021556144970982,,,LONDON AB,LONDON AB,LONDON AB,346,
89,EK,224,30,2.5 year,wt,wt,UAS:kaeda,"(2000, 520, 520)",540800000,0.021556144970982,0.021556144970982,0.021556144970982,* (224_231),,LONDON AB,LONDON AB,LONDON AB,46,
90,EK,225,30,2.5 year,wt,wt,UAS:kaeda,"(2000, 554, 554)",613832000,0.021556144970982,0.021556144970982,0.021556144970982,,,LONDON AB,LONDON AB,LONDON AB,121,
91,EK,226,36,3 year,wt,wt,wnt:gfp col2a1:mch,"(2000, 534, 534)",570312000,0.021556144970982,0.021556144970982,0.021556144970982,,,LONDON AB,LONDON AB,LONDON AB,113,
92,EK,227,36,3 year,wt,wt,wnt:gfp col2a1:mch,"(2000, 520, 520)",540800000,0.021556144970982,0.021556144970982,0.021556144970982,,,LONDON AB,LONDON AB,LONDON AB,122,
93,EK,228,36,3 year,wt,wt,wnt:gfp col2a1:mch,"(2000, 564, 564)",636192000,0.021556144970982,0.021556144970982,0.021556144970982,,shg+ histology,LONDON AB,LONDON AB,LONDON AB,51,
94,EK,229,36,3 year,wt,wt,wnt:gfp col2a1:mch,"(2000, 560, 560)",627200000,0.021556144970982,0.021556144970982,0.021556144970982,,,LONDON AB,LONDON AB,LONDON AB,96,
95,EK,230,36,3 year,wt,wt,wnt:gfp col2a1:mch,"(2000, 554, 554)",613832000,0.021556144970982,0.021556144970982,0.021556144970982,,,LONDON AB,LONDON AB,LONDON AB,213,
96,EK,231,36,3 year,wt,wt,wnt:gfp col2a1:mch,"(2000, 600, 600)",720000000,0.021556144970982,0.021556144970982,0.021556144970982,,,LONDON AB,LONDON AB,LONDON AB,83,
97,EK,232,36,3 year,wt,wt,wnt:gfp col2a1:mch,"(2000, 560, 560)",627200000,0.023028509505333,0.023028509505333,0.023028509505333,* (232_239),Synchroton,LONDON AB,LONDON AB,LONDON AB,222,
98,EK,233,36,3 year,wt,wt,wnt:gfp col2a1:mch,"(2000, 540, 540)",583200000,0.023028509505333,0.023028509505333,0.023028509505333,,Synchroton,LONDON AB,LONDON AB,LONDON AB,70,
99,EK,234,36,3 year,wt,wt,wnt:gfp col2a1:mch,"(2000, 510, 510)",520200000,0.023028509505333,0.023028509505333,0.023028509505333,,Synchroton,LONDON AB,LONDON AB,LONDON AB,273,
100,EK,235,36,3 year,wt,wt,wnt:gfp col2a1:mch,"(2000, 560, 560)",627200000,0.023028509505333,0.023028509505333,0.023028509505333,,,LONDON AB,LONDON AB,LONDON AB,194,
101,EK,236,36,3 year,wt,wt,wnt:gfp col2a1:mch,"(2000, 534, 534)",570312000,0.023028509505333,0.023028509505333,0.023028509505333,,,LONDON AB,LONDON AB,LONDON AB,3,
102,EK,237,36,3 year,wt,wt,wnt:gfp col2a1:mch,"(2000, 544, 544)",591872000,0.023028509505333,0.023028509505333,0.023028509505333,,,LONDON AB,LONDON AB,LONDON AB,211,
103,EK,238,36,3 year,wt,wt,wnt:gfp col2a1:mch,"(2000, 544, 544)",591872000,0.023028509505333,0.023028509505333,0.023028509505333,,shg+ histology,LONDON AB,LONDON AB,LONDON AB,0,
104,EK,239,36,3 year,wt,wt,wnt:gfp col2a1:mch,"(2000, 550, 550)",605000000,0.023028509505333,0.023028509505333,0.023028509505333,,shg+ histology,LONDON AB,LONDON AB,LONDON AB,257,
105,EK,240,36,3 year,wt,wt,wnt:gfp col2a1:mch,"(2000, 560, 560)",627200000,0.023485048797047,0.023485048797047,0.023485048797047,* (240_247),shg+ histology,LONDON AB,LONDON AB,LONDON AB,52,
106,EK,241,36,3 year,wt,wt,wnt:gfp col2a1:mch,"(2000, 550, 550)",605000000,0.023485048797047,0.023485048797047,0.023485048797047,,,LONDON AB,LONDON AB,LONDON AB,109,
107,EK,242,36,3 year,wt,wt,wnt:gfp col2a1:mch,"(2000, 540, 540)",583200000,0.023485048797047,0.023485048797047,0.023485048797047,,,LONDON AB,LONDON AB,LONDON AB,315,
108,EK,243,36,3 year,wt,wt,tg from london chrissy friend,"(2000, 550, 550)",605000000,0.023485048797047,0.023485048797047,0.023485048797047,,,LONDON AB,LONDON AB,LONDON AB,106,
109,EK,244,36,3 year,wt,wt,tg from london chrissy friend,"(2000, 524, 524)",549152000,0.023485048797047,0.023485048797047,0.023485048797047,,ELIS,LONDON AB,LONDON AB,LONDON AB,189,
110,EK,245,36,3 year,wt,wt,tg from london chrissy friend,"(2000, 570, 570)",649800000,0.023485048797047,0.023485048797047,0.023485048797047,,ELIS,LONDON AB,LONDON AB,LONDON AB,96,
111,EK,246,36,3 year,wt,wt,tg from london chrissy friend,"(2000, 644, 644)",829472000,0.023485048797047,0.023485048797047,0.023485048797047,,ELIS,LONDON AB,LONDON AB,LONDON AB,56,
112,EK,247,12,2. year,wt,wt,osx:nls-egfp,"(2000, 564, 564)",636192000,0.023485048797047,0.023485048797047,0.023485048797047,,contrast enhance for 1.5 week and not dehydrated (check for fat),LONDON AB,LONDON AB,LONDON AB,328,
113,EK,248,18,1.5 year,hom,arid1b,Arid1b -/- ,"(1999, 604, 526)",635090296,0.021642132034099,0.021642132034099,0.021642132034099,* (248_255),,LONDON AB,LONDON AB,LONDON AB,23,
114,EK,249,18,1.5 year,hom,arid1b,Arid1b -/- ,"(1999, 590, 590)",695851900,0.021642132034099,0.021642132034099,0.021642132034099,,,LONDON AB,LONDON AB,LONDON AB,109,
115,EK,250,18,1.5 year,hom,arid1b,Arid1b -/- ,"(1999, 634, 634)",803510044,0.021642132034099,0.021642132034099,0.021642132034099,,,LONDON AB,LONDON AB,LONDON AB,178,
116,EK,251,18,1.5 year,hom,arid1b,Arid1b -/- ,"(1999, 590, 590)",695851900,0.021642132034099,0.021642132034099,0.021642132034099,,,LONDON AB,LONDON AB,LONDON AB,152,
117,EK,252,18,1.5 year,hom,arid1b,Arid1b -/- ,"(1999, 594, 594)",705319164,0.021642132034099,0.021642132034099,0.021642132034099,,,LONDON AB,LONDON AB,LONDON AB,289,
118,EK,253,18,1.5 year,hom,arid1b,Arid1b -/- ,"(1999, 620, 620)",768415600,0.021642132034099,0.021642132034099,0.021642132034099,,,LONDON AB,LONDON AB,LONDON AB,292,
119,EK,254,18,1.5 year,hom,arid1b,Arid1b -/- ,"(1999, 590, 590)",695851900,0.021642132034099,0.021642132034099,0.021642132034099,,,LONDON AB,LONDON AB,LONDON AB,176,
120,EK,255,18,1.5 year,hom,arid1b,Arid1b -/- ,"(1999, 604, 604)",729267184,0.021642132034099,0.021642132034099,0.021642132034099,,,LONDON AB,LONDON AB,LONDON AB,149,
121,EK,256,18,1.5 year,het,col11a2,col11a2 +/-,"(1999, 520, 520)",540529600,0.021642132034099,0.021642132034099,0.021642132034099,* (256_263),HR  + contrast,LONDON AB,LONDON AB,LONDON AB,51,
122,EK,257,18,1.5 year,het,col11a2,col11a2 +/-,"(1999, 534, 534)",570026844,0.021642132034099,0.021642132034099,0.021642132034099,,shg+ histology,LONDON AB,LONDON AB,LONDON AB,280,
123,EK,258,18,1.5 year,het,col11a2,col11a2 +/-,"(1999, 584, 584)",681770944,0.021642132034099,0.021642132034099,0.021642132034099,,shg+ histology,LONDON AB,LONDON AB,LONDON AB,310,
124,EK,259,18,1.5 year,het,col11a2,col11a2 +/-,"(1999, 590, 590)",695851900,0.021642132034099,0.021642132034099,0.021642132034099,,shg+ histology,LONDON AB,LONDON AB,LONDON AB,139,
125,EK,260,8,8 months,hom,panther,panther(csfr1a)j4e1 -/-,"(1999, 600, 600)",719640000,0.021642132034099,0.021642132034099,0.021642132034099,,HR head and ribs,LONDON AB,LONDON AB,LONDON AB,311,
126,EK,261,8,8 months,hom,panther,panther(csfr1a)j4e1 -/-,"(1999, 584, 584)",681770944,0.021642132034099,0.021642132034099,0.021642132034099,,,LONDON AB,LONDON AB,LONDON AB,105,
127,EK,262,8,8 months,hom,panther,panther(csfr1a)j4e1 -/-,"(1999, 594, 594)",705319164,0.021642132034099,0.021642132034099,0.021642132034099,,,LONDON AB,LONDON AB,LONDON AB,229,
128,EK,263,8,8 months,hom,panther,panther(csfr1a)j4e1 -/-,"(1999, 554, 554)",613525084,0.021642132034099,0.021642132034099,0.021642132034099,,,LONDON AB,LONDON AB,LONDON AB,222,
129,EK,264,10,10 months,wt,giantin,giantin sib,"(2000, 560, 560)",627200000,0.021197756043916,0.021197756043916,0.021197756043916,* (264_271),,LONDON AB,LONDON AB,LONDON AB,17,
130,EK,265,10,10 months,wt,giantin,giantin sib,"(2000, 560, 560)",627200000,0.021197756043916,0.021197756043916,0.021197756043916,,,LONDON AB,LONDON AB,LONDON AB,340,
131,EK,266,10,10 months,wt,giantin,giantin sib,"(2000, 570, 570)",649800000,0.021197756043916,0.021197756043916,0.021197756043916,,,LONDON AB,LONDON AB,LONDON AB,332,
132,EK,267,10,10 months,wt,giantin,giantin sib,"(2000, 564, 564)",636192000,0.021197756043916,0.021197756043916,0.021197756043916,,,LONDON AB,LONDON AB,LONDON AB,151,
133,EK,268,10,10 months,hom,giantin,giantin -/-,"(2000, 570, 570)",649800000,0.021197756043916,0.021197756043916,0.021197756043916,,,LONDON AB,LONDON AB,LONDON AB,211,
134,EK,269,10,10 months,hom,giantin,giantin -/-,"(2000, 574, 574)",658952000,0.021197756043916,0.021197756043916,0.021197756043916,,,LONDON AB,LONDON AB,LONDON AB,36,
135,EK,270,10,10 months,hom,giantin,giantin -/-,"(2000, 550, 550)",605000000,0.021197756043916,0.021197756043916,0.021197756043916,,,LONDON AB,LONDON AB,LONDON AB,218,
136,EK,271,10,10 months,hom,giantin,giantin -/-,"(2000, 554, 554)",613832000,0.021197756043916,0.021197756043916,0.021197756043916,,,LONDON AB,LONDON AB,LONDON AB,8,
137,EK,272,30,2.5 year,het,chst11,chst11 talen,"(1999, 564, 564)",635873904,0.023070611044133,0.023070611044133,0.023070611044133,* (272_279),HR head and ribs,LONDON AB,LONDON AB,LONDON AB,59,
138,EK,273,30,2.5 year,het,chst11,chst11 talen,"(1999, 580, 580)",672463600,0.023070611044133,0.023070611044133,0.023070611044133,,,LONDON AB,LONDON AB,LONDON AB,301,
139,EK,274,30,2.5 year,het,chst11,chst11 talen,"(1999, 570, 570)",649475100,0.023070611044133,0.023070611044133,0.023070611044133,,,LONDON AB,LONDON AB,LONDON AB,204,
140,EK,275,30,2.5 year,het,chst11,chst11 talen,"(1999, 494, 494)",487827964,0.023070611044133,0.023070611044133,0.023070611044133,,,LONDON AB,LONDON AB,LONDON AB,78,
141,EK,276,30,2.5 year,het,chst11,chst11 talen,"(1999, 570, 570)",649475100,0.023070611044133,0.023070611044133,0.023070611044133,,,LONDON AB,LONDON AB,LONDON AB,161,
142,EK,277,30,2.5 year,wt,chst11,chst11 talen SIBS,"(1999, 604, 604)",729267184,0.023070611044133,0.023070611044133,0.023070611044133,,HR head and ribs,LONDON AB,LONDON AB,LONDON AB,162,
143,EK,278,30,2.5 year,wt,chst11,chst11 talen SIBS,"(1999, 580, 550)",637681000,0.023070611044133,0.023070611044133,0.023070611044133,,,LONDON AB,LONDON AB,LONDON AB,338,
144,EK,279,30,2.5 year,wt,chst11,chst11 talen SIBS,"(1999, 550, 550)",604697500,0.023070611044133,0.023070611044133,0.023070611044133,,,LONDON AB,LONDON AB,LONDON AB,48,
145,EK,280,24,2. year,het,chst11,chst11 talen,"(2000, 540, 540)",583200000,0.022396560551961,0.022396560551961,0.022396560551961,* (280_287),,LONDON AB,LONDON AB,LONDON AB,187,
146,EK,281,24,2 year,het,chst11,chst11 talen,"(2000, 580, 580)",672800000,0.022396560551961,0.022396560551961,0.022396560551961,,,LONDON AB,LONDON AB,LONDON AB,83,
147,EK,282,24,2 year,het,chst11,chst11 talen,"(2000, 550, 550)",605000000,0.022396560551961,0.022396560551961,0.022396560551961,,,LONDON AB,LONDON AB,LONDON AB,347,
148,EK,283,24,2 year,het,chst11,chst11 talen,"(2000, 514, 514)",528392000,0.022396560551961,0.022396560551961,0.022396560551961,,,LONDON AB,LONDON AB,LONDON AB,129,
149,EK,284,24,2 year,het,chst11,chst11 talen,"(2000, 550, 550)",605000000,0.022396560551961,0.022396560551961,0.022396560551961,,,LONDON AB,LONDON AB,LONDON AB,227,
150,EK,285,30,2.5 year,wt,chst11,chst11 talen SIBS,"(2000, 550, 550)",605000000,0.022396560551961,0.022396560551961,0.022396560551961,,,LONDON AB,LONDON AB,LONDON AB,115,
151,EK,286,30,2.5 year,wt,chst11,chst11 talen SIBS,"(2000, 564, 564)",636192000,0.022396560551961,0.022396560551961,0.022396560551961,,,LONDON AB,LONDON AB,LONDON AB,0,
152,EK,287,30,2.5 year,wt,chst11,chst11 talen SIBS,"(2000, 544, 544)",591872000,0.022396560551961,0.022396560551961,0.022396560551961,,,LONDON AB,LONDON AB,LONDON AB,320,
153,EK,288,24,2 year,het,runx2,runx2 +/-,"(2000, 574, 574)",658952000,0.022504422861044,0.022504422861044,0.022504422861044,* (288_295),HR head,LONDON AB,LONDON AB,LONDON AB,238,
154,EK,289,24,2 year,het,runx2,runx2 +/-,"(2000, 540, 540)",583200000,0.022504422861044,0.022504422861044,0.022504422861044,," For high res: head ribs, tail ",LONDON AB,LONDON AB,LONDON AB,252,
155,EK,290,24,2 year,het,runx2,runx2 +/-,"(2000, 544, 544)",591872000,0.022504422861044,0.022504422861044,0.022504422861044,," For high res: head ribs, tail ",LONDON AB,LONDON AB,LONDON AB,137,
156,EK,291,24,2 year,het,runx2,runx2 +/-,"(2000, 574, 574)",658952000,0.022504422861044,0.022504422861044,0.022504422861044,,enhance contrast + high res head ribs tail,LONDON AB,LONDON AB,LONDON AB,35,
157,EK,292,24,2 year,het,runx2,runx2 +/-,"(2000, 544, 544)",591872000,0.022504422861044,0.022504422861044,0.022504422861044,,,LONDON AB,LONDON AB,LONDON AB,166,
158,EK,293,30,2.5 year,het,runx2,runx2 +/-,"(2000, 524, 524)",549152000,0.022504422861044,0.022504422861044,0.022504422861044,,HR head and ribs,LONDON AB,LONDON AB,LONDON AB,204,
159,EK,294,30,2.5 year,het,runx2,runx2 +/-,"(2000, 594, 594)",705672000,0.022504422861044,0.022504422861044,0.022504422861044,,,LONDON AB,LONDON AB,LONDON AB,270,
160,EK,295,30,2.5 year,het,barx1,barx1 +/-,"(2000, 534, 534)",570312000,0.022504422861044,0.022504422861044,0.022504422861044,,,LONDON AB,LONDON AB,LONDON AB,112,
161,EK,296,24,2 year,wt,barx1,barx1 +/-,"(2000, 544, 544)",591872000,0.022504422861044,0.022504422861044,0.022504422861044,* (296_303),enhance contrast + high res head ribs tail +Elis Loading rig,LONDON AB,LONDON AB,LONDON AB,146,
162,EK,297,24,2 year,wt,barx1,barx1 +/-,"(2000, 540, 540)",583200000,0.022504422861044,0.022504422861044,0.022504422861044,," For high res: head ribs, tail ",LONDON AB,LONDON AB,LONDON AB,261,
163,EK,298,24,2 year,wt,barx1,barx1 +/-,"(2000, 554, 554)",613832000,0.022504422861044,0.022504422861044,0.022504422861044,," For high res: head ribs, tail ",LONDON AB,LONDON AB,LONDON AB,48,
164,EK,299,24,2 year,wt,barx1,barx1 sibs,"(2000, 570, 570)",649800000,0.022504422861044,0.022504422861044,0.022504422861044,,,LONDON AB,LONDON AB,LONDON AB,278,
165,EK,300,24,2 year,wt,barx1,barx1 sibs,"(2000, 554, 554)",613832000,0.022504422861044,0.022504422861044,0.022504422861044,,,LONDON AB,LONDON AB,LONDON AB,202,
166,EK,301,24,2 year,wt,barx1,barx1 sibs,"(2000, 570, 570)",649800000,0.022504422861044,0.022504422861044,0.022504422861044,,,LONDON AB,LONDON AB,LONDON AB,126,
167,EK,302,7,7 months,mosaic,barx1,barx1 sibs,"(2000, 544, 544)",591872000,0.022504422861044,0.022504422861044,0.022504422861044,,,LONDON AB,LONDON AB,LONDON AB,242,
168,EK,303,7,7 months,mosaic,wnt16,wnt16-2 injected,"(2000, 524, 524)",549152000,0.022504422861044,0.022504422861044,0.022504422861044,,,LONDON AB,LONDON AB,LONDON AB,42,
169,EK,304,7,7 months,mosaic,wnt16,wnt16-2 injected,"(2000, 560, 560)",627200000,0.021395884903931,0.021395884903931,0.021395884903931,* (304_310),,LONDON AB,LONDON AB,LONDON AB,70,
170,EK,305,7,7 months,mosaic,wnt16,wnt16-2 injected,"(2000, 560, 560)",627200000,0.021395884903931,0.021395884903931,0.021395884903931,,spine phenotype and jaw? ,LONDON AB,LONDON AB,LONDON AB,189,
171,EK,306,4,4 months,mosaic,ncoa3,ncoa3 g1 injected,"(2000, 554, 554)",613832000,0.021395884903931,0.021395884903931,0.021395884903931,,,LONDON AB,LONDON AB,LONDON AB,225,
172,EK,307,4,4 months,mosaic,ncoa3,ncoa3 g1 injected,"(2000, 580, 580)",672800000,0.021395884903931,0.021395884903931,0.021395884903931,,,LONDON AB,LONDON AB,LONDON AB,200,
173,EK,308,4,4 months,mosaic,ncoa3,ncoa3 g1 injected,"(2000, 594, 594)",705672000,0.021395884903931,0.021395884903931,0.021395884903931,,,LONDON AB,LONDON AB,LONDON AB,23,
174,EK,309,4,4 months,mosaic,ncoa3,ncoa3 g1 injected,"(2000, 534, 534)",570312000,0.021395884903931,0.021395884903931,0.021395884903931,,,LONDON AB,LONDON AB,LONDON AB,276,
175,EK,310,4,4 months,mosaic,ncoa3,ncoa3 g1 injected,"(2000, 570, 570)",649800000,0.021395884903931,0.021395884903931,0.021395884903931,,,LONDON AB,LONDON AB,LONDON AB,68,
176,EK,311,4,4 months,mosaic,ncoa3,ncoa3 g1 injected,"(2000, 566, 594)",672408000,0.020589107966857,0.020589107966857,0.020589107966857,* (311_318),,LONDON AB,LONDON AB,LONDON AB,317,
177,EK,312,4,4 months,mosaic,ncoa3,ncoa3 g1 injected,"(2000, 590, 590)",696200000,0.020589107966857,0.020589107966857,0.020589107966857,,,LONDON AB,LONDON AB,LONDON AB,0,
178,EK,313,4,4 months,mosaic,ncoa3,ncoa3 g1 injected,"(2000, 620, 620)",768800000,0.020589107966857,0.020589107966857,0.020589107966857,,,LONDON AB,LONDON AB,LONDON AB,65,
179,EK,314,4,4 months,mosaic,ncoa3,ncoa3 g1 injected,"(2000, 590, 590)",696200000,0.020589107966857,0.020589107966857,0.020589107966857,,,LONDON AB,LONDON AB,LONDON AB,267,
180,EK,315,4,4 months,mosaic,ncoa3,ncoa3 g1 injected,"(2000, 600, 600)",720000000,0.020589107966857,0.020589107966857,0.020589107966857,,,LONDON AB,LONDON AB,LONDON AB,280,
181,EK,316,4,4 months,mosaic,ncoa3,ncoa3 g1 injected,"(2000, 590, 486)",573480000,0.020589107966857,0.020589107966857,0.020589107966857,,,LONDON AB,LONDON AB,LONDON AB,259,
182,EK,317,4,4 months,mosaic,ncoa3,ncoa3 g1 injected,"(2000, 600, 600)",720000000,0.020589107966857,0.020589107966857,0.020589107966857,,,LONDON AB,LONDON AB,LONDON AB,54,
183,EK,318,4,4 months,mosaic,ncoa3,ncoa3 g1 injected,"(2000, 584, 584)",682112000,0.020589107966857,0.020589107966857,0.020589107966857,,,LONDON AB,LONDON AB,LONDON AB,87,
184,EK,319,30,2.5 year,het,gdf5,gdf5 +/-,"(2000, 564, 564)",636192000,0.023102021653726,0.023102021653726,0.023102021653726,* (319_326),HR head,LONDON AB,LONDON AB,LONDON AB,195,
185,EK,320,30,2.5 year,het,gdf5,gdf5 +/-,"(2000, 554, 554)",613832000,0.023102021653726,0.023102021653726,0.023102021653726,,,LONDON AB,LONDON AB,LONDON AB,280,
186,EK,321,30,2.5 year,het,gdf5,gdf5 +/-,"(2000, 564, 564)",636192000,0.023102021653726,0.023102021653726,0.023102021653726,,,LONDON AB,LONDON AB,LONDON AB,315,
187,EK,322,30,2.5 year,het,gdf5,gdf5 +/-,"(2000, 544, 544)",591872000,0.023102021653726,0.023102021653726,0.023102021653726,," For high res: head ribs, tail ",LONDON AB,LONDON AB,LONDON AB,144,
188,EK,323,30,2.5 year,het,gdf5,gdf5 +/-,"(2000, 560, 560)",627200000,0.023102021653726,0.023102021653726,0.023102021653726,," For high res: head ribs, tail ",LONDON AB,LONDON AB,LONDON AB,6,
189,EK,324,30,2.5 year,het,gdf5,gdf5 +/-,"(2000, 560, 560)",627200000,0.023102021653726,0.023102021653726,0.023102021653726,,,LONDON AB,LONDON AB,LONDON AB,284,
190,EK,325,18,1.5 year,het,barx1,barx1 +/-,"(2000, 544, 544)",591872000,0.023102021653726,0.023102021653726,0.023102021653726,,HR head,LONDON AB,LONDON AB,LONDON AB,8,
191,EK,326,18,1.5 year,het,barx1,barx1 +/-,"(2000, 534, 534)",570312000,0.023102021653726,0.023102021653726,0.023102021653726,,,LONDON AB,LONDON AB,LONDON AB,197,
192,EK,327,18,1.5 year,het,barx1,barx1 +/-,"(1999, 600, 600)",719640000,0.022393306790897,0.022393306790897,0.022393306790897,* (327_334),HR head and ribs,LONDON AB,LONDON AB,LONDON AB,339,
193,EK,328,18,1.5 year,het,barx1,barx1 +/-,"(1999, 580, 580)",672463600,0.022393306790897,0.022393306790897,0.022393306790897,,HR head and ribs,LONDON AB,LONDON AB,LONDON AB,210,
194,EK,329,18,1.5 year,wt,barx1,barx1 sibs,"(1999, 614, 614)",753615004,0.022393306790897,0.022393306790897,0.022393306790897,," For high res: head ribs, tail ",LONDON AB,LONDON AB,LONDON AB,168,
195,EK,330,18,1.5 year,wt,barx1,barx1 sibs,"(1999, 624, 624)",778362624,0.022393306790897,0.022393306790897,0.022393306790897,," For high res: head ribs, tail ",LONDON AB,LONDON AB,LONDON AB,140,
196,EK,331,18,1.5 year,wt,barx1,barx1 sibs,"(1999, 650, 650)",844577500,0.022393306790897,0.022393306790897,0.022393306790897,,,LONDON AB,LONDON AB,LONDON AB,49,
197,EK,332,18,1.5 year,wt,barx1,barx1 sibs,"(1999, 574, 574)",658622524,0.022393306790897,0.022393306790897,0.022393306790897,,,LONDON AB,LONDON AB,LONDON AB,37,
198,EK,333,12,1 year,hom,mcf2l,mcf2l -/-,"(1999, 590, 590)",695851900,0.022393306790897,0.022393306790897,0.022393306790897,,HR head and ribs + Histology,LONDON AB,LONDON AB,LONDON AB,230,
199,EK,334,12,1 year,hom,mcf2l,mcf2l -/-,"(1999, 614, 614)",753615004,0.022393306790897,0.022393306790897,0.022393306790897,,HR head +Histologyand ribs ,LONDON AB,LONDON AB,LONDON AB,155,
200,EK,335,12,1 year,hom,mcf2l,mcf2l -/-,"(1999, 570, 570)",649475100,0.022393306790897,0.022393306790897,0.022393306790897,* (335_342),,LONDON AB,LONDON AB,LONDON AB,52,
201,EK,336,12,1 year,hom,mcf2l,mcf2l -/-,"(1999, 600, 600)",719640000,0.022393306790897,0.022393306790897,0.022393306790897,,,LONDON AB,LONDON AB,LONDON AB,286,
202,EK,337,12,1 year,hom,mcf2l,mcf2l -/-,"(1999, 570, 570)",649475100,0.022393306790897,0.022393306790897,0.022393306790897,,,LONDON AB,LONDON AB,LONDON AB,112,
203,EK,338,18,1.5 year,het,mcf2l,mcf2l +/-,"(1999, 580, 580)",672463600,0.022393306790897,0.022393306790897,0.022393306790897,,,LONDON AB,LONDON AB,LONDON AB,59,
204,EK,339,18,1.5 year,het,mcf2l,mcf2l +/-,"(1999, 570, 570)",649475100,0.022393306790897,0.022393306790897,0.022393306790897,,,LONDON AB,LONDON AB,LONDON AB,70,
205,EK,340,18,1.5 year,het,mcf2l,mcf2l +/-,"(1999, 570, 570)",649475100,0.022393306790897,0.022393306790897,0.022393306790897,,,LONDON AB,LONDON AB,LONDON AB,58,
206,EK,341,18,1.5 year,het,mcf2l,mcf2l +/-,"(1999, 574, 574)",658622524,0.022393306790897,0.022393306790897,0.022393306790897,,,LONDON AB,LONDON AB,LONDON AB,354,
207,EK,342,18,1.5 year,het,mcf2l,mcf2l +/-,"(1999, 550, 550)",604697500,0.022393306790897,0.022393306790897,0.022393306790897,,,LONDON AB,LONDON AB,LONDON AB,177,
208,EK,343,18,1.5 year,het,dot1,dot1 +/-,"(1999, 540, 540)",582908400,0.022393306790897,0.022393306790897,0.022393306790897,* (343_350)," For high res: head ribs, tail ",LONDON AB,LONDON AB,LONDON AB,33,
209,EK,344,18,1.5 year,het,dot1,dot1 +/-,"(1999, 534, 534)",570026844,0.022393306790897,0.022393306790897,0.022393306790897,,ELIS,LONDON AB,LONDON AB,LONDON AB,270,
210,EK,345,18,1.5 year,het,dot1,dot1 +/-,"(1999, 550, 550)",604697500,0.022393306790897,0.022393306790897,0.022393306790897,,ELIS,LONDON AB,LONDON AB,LONDON AB,102,
211,EK,346,18,1.5 year,het,dot1,dot1 +/-,"(1999, 580, 580)",672463600,0.022393306790897,0.022393306790897,0.022393306790897,,ELIS,LONDON AB,LONDON AB,LONDON AB,222,
212,EK,347,,,hom,scxb,scxb kg107/kg107,"(1999, 564, 564)",635873904,0.022393306790897,0.022393306790897,0.022393306790897,,histology ,LONDON AB,LONDON AB,LONDON AB,9,
213,EK,348,,,hom,scxb,scxb kg107/kg107,"(1999, 570, 570)",649475100,0.022393306790897,0.022393306790897,0.022393306790897,,contrast enhance,LONDON AB,LONDON AB,LONDON AB,118,
214,EK,349,,,hom,scxb,scxb kg107/kg107,"(1999, 554, 554)",613525084,0.022393306790897,0.022393306790897,0.022393306790897,,alizarin red staining,LONDON AB,LONDON AB,LONDON AB,152,
215,EK,350,,,het,scxb,scxb +/-,"(1999, 560, 560)",626886400,0.022393306790897,0.022393306790897,0.022393306790897,,alizarin red staining,LONDON AB,LONDON AB,LONDON AB,151,
216,EK,351,,,het,scxb,scxb +/-,"(1999, 540, 540)",582908400,0.022393306790897,0.022393306790897,0.022393306790897,* (351-358),histology ,LONDON AB,LONDON AB,LONDON AB,265,
217,EK,352,,,het,scxb,scxb +/-,"(1999, 560, 524)",586586560,0.022393306790897,0.022393306790897,0.022393306790897,,contrast enhance,LONDON AB,LONDON AB,LONDON AB,135,
218,EK,353,,,wt,scxa,scxa SIBS,"(1999, 544, 544)",591576064,0.022393306790897,0.022393306790897,0.022393306790897,,histology ,LONDON AB,LONDON AB,LONDON AB,322,
219,EK,354,,,wt,scxa,scxa SIBS,"(1999, 534, 534)",570026844,0.022393306790897,0.022393306790897,0.022393306790897,,contrast enhance,LONDON AB,LONDON AB,LONDON AB,312,
220,EK,355,,,wt,scxa,scxa SIBS,"(1999, 540, 540)",582908400,0.022393306790897,0.022393306790897,0.022393306790897,,alizarin red staining,LONDON AB,LONDON AB,LONDON AB,186,
221,EK,356,,,hom,scxa,scxa kg170/kg170,"(1999, 560, 560)",626886400,0.022393306790897,0.022393306790897,0.022393306790897,,alizarin red staining,LONDON AB,LONDON AB,LONDON AB,15,
222,EK,357,,,hom,scxa,scxa kg170/kg170,"(1999, 560, 560)",626886400,0.022393306790897,0.022393306790897,0.022393306790897,,contrast enhance,LONDON AB,LONDON AB,LONDON AB,144,
223,EK,358,,,hom,scxa,scxa kg170/kg170,"(1999, 554, 554)",613525084,0.022393306790897,0.022393306790897,0.022393306790897,,histology ,LONDON AB,LONDON AB,LONDON AB,360,
224,EK,359,18,1.5 year,wt,dot1,dot1 +/+,"(1999, 624, 624)",778362624,0.02202676398535,0.02202676398535,0.02202676398535,* (359-365)," For high res: head ribs, tail / ELIS",LONDON AB,LONDON AB,LONDON AB,203,
225,EK,360,18,1.5 year,wt,dot1,dot1 +/+,"(1999, 624, 624)",778362624,0.02202676398535,0.02202676398535,0.02202676398535,," For high res: head ribs, tail /ELIS",LONDON AB,LONDON AB,LONDON AB,180,
226,EK,361,18,1.5 year,wt,dot1,dot1 +/+,"(1999, 630, 630)",793403100,0.02202676398535,0.02202676398535,0.02202676398535,,ELIS,LONDON AB,LONDON AB,LONDON AB,239,
227,EK,362,24,2 year,wt,wt,dvl:gfp contrast enhance,"(1999, 630, 630)",793403100,0.02202676398535,0.02202676398535,0.02202676398535,,,LONDON AB,LONDON AB,LONDON AB,35,
228,EK,363,24,2 year,wt,wt,dvl:gfp contrast enhance,"(1999, 624, 624)",778362624,0.02202676398535,0.02202676398535,0.02202676398535,,,LONDON AB,LONDON AB,LONDON AB,207,
229,EK,364,24,2 year,wt,wt,dvl:gfp contrast enhance,"(1999, 580, 538)",623767960,0.02202676398535,0.02202676398535,0.02202676398535,,,LONDON AB,LONDON AB,LONDON AB,132,
230,EK,365,24,2 year,wt,wt,dvl:gfp contrast enhance,"(1999, 620, 620)",768415600,0.02202676398535,0.02202676398535,0.02202676398535,,,LONDON AB,LONDON AB,LONDON AB,125,
231,EK,366,24,2 year,wt,wt,dvl:gfp contrast enhance,"(1999, 584, 584)",681770944,0.02202676398535,0.02202676398535,0.02202676398535,* (366-373),,LONDON AB,LONDON AB,LONDON AB,302,
232,EK,367,24,2 year,wt,wt,dvl:gfp contrast enhance,"(1999, 564, 564)",635873904,0.02202676398535,0.02202676398535,0.02202676398535,,,LONDON AB,LONDON AB,LONDON AB,117,
233,EK,368,24,2 year,wt,wt,dvl:gfp contrast enhance,"(1999, 594, 594)",705319164,0.02202676398535,0.02202676398535,0.02202676398535,,,LONDON AB,LONDON AB,LONDON AB,114,
234,EK,369,7,7 months,wt,wt,gli:mcherry,"(1999, 604, 604)",729267184,0.02202676398535,0.02202676398535,0.02202676398535,,,LONDON AB,LONDON AB,LONDON AB,231,
235,EK,370,7,7 months,wt,wt,gli:mcherry,"(1999, 600, 600)",719640000,0.02202676398535,0.02202676398535,0.02202676398535,,,LONDON AB,LONDON AB,LONDON AB,191,
236,EK,371,7,7 months,wt,wt,gli:mcherry,"(1999, 594, 594)",705319164,0.02202676398535,0.02202676398535,0.02202676398535,,,LONDON AB,LONDON AB,LONDON AB,244,
237,EK,372,7,7 months,wt,wt,gli:mcherry,"(1999, 574, 574)",658622524,0.02202676398535,0.02202676398535,0.02202676398535,,,LONDON AB,LONDON AB,LONDON AB,125,
238,EK,373,7,7 months,wt,wt,gli:mcherry,"(1999, 600, 600)",719640000,0.02202676398535,0.02202676398535,0.02202676398535,,,LONDON AB,LONDON AB,LONDON AB,359,
239,EK,374,28,2.3 year,het,col9,col9 +/-,"(1999, 590, 590)",695851900,0.02202676398535,0.02202676398535,0.02202676398535,* (374-381)," For high res: head ribs, tail ",LONDON AB,LONDON AB,LONDON AB,222,
240,EK,375,28,2.3 year,het,col9,col9 +/-,"(1999, 590, 590)",695851900,0.02202676398535,0.02202676398535,0.02202676398535,," For high res: head ribs, tail ",LONDON AB,LONDON AB,LONDON AB,187,
241,EK,376,28,2.3 year,het,col9,col9 +/-,"(1999, 614, 614)",753615004,0.02202676398535,0.02202676398535,0.02202676398535,,,LONDON AB,LONDON AB,LONDON AB,0,
242,EK,377,28,2.3 year,het,col9,col9 +/-,"(1999, 492, 594)",584203752,0.02202676398535,0.02202676398535,0.02202676398535,,CYSTS ! Send to histology ,LONDON AB,LONDON AB,LONDON AB,86,
243,EK,378,4,4 months,mosaic,ncoa3,ncoa3 g1 injected,"(1999, 580, 580)",672463600,0.02202676398535,0.02202676398535,0.02202676398535,,,LONDON AB,LONDON AB,LONDON AB,127,
244,EK,379,4,4 months,mosaic,ncoa3,ncoa3 g1 injected,"(1999, 594, 594)",705319164,0.02202676398535,0.02202676398535,0.02202676398535,,,LONDON AB,LONDON AB,LONDON AB,325,
245,EK,380,4,4 months,mosaic,ncoa3,ncoa3 g1 injected,"(1999, 564, 564)",635873904,0.02202676398535,0.02202676398535,0.02202676398535,,,LONDON AB,LONDON AB,LONDON AB,66,
246,EK,381,4,4 months,mosaic,ncoa3,ncoa3 g1 injected,"(1999, 604, 604)",729267184,0.02202676398535,0.02202676398535,0.02202676398535,,,LONDON AB,LONDON AB,LONDON AB,229,
247,EK,382,3,3 months,wt,wt,sp7 wt sib,"(1999, 600, 600)",719640000,0.021183676321263,0.021183676321263,0.021183676321263,*(382-389),November 2017 scans- Liz. First fish has a sticker on the side. ,LONDON AB,LONDON AB,LONDON AB,261,
248,EK,383,3,3 months,wt,wt,sp7 wt sib,"(1999, 630, 630)",793403100,0.021183676321263,0.021183676321263,0.021183676321263,,,LONDON AB,LONDON AB,LONDON AB,214,
249,EK,384,3,3 months,wt,wt,sp7 wt sib,"(1999, 604, 604)",729267184,0.021183676321263,0.021183676321263,0.021183676321263,,,LONDON AB,LONDON AB,LONDON AB,228,
250,EK,385,3,3 months,wt,wt,sp7 wt sib,"(1999, 564, 564)",635873904,0.021183676321263,0.021183676321263,0.021183676321263,,,LONDON AB,LONDON AB,LONDON AB,328,
251,EK,386,3,3 months,wt,wt,sp7 wt sib,"(1999, 594, 594)",705319164,0.021183676321263,0.021183676321263,0.021183676321263,,,LONDON AB,LONDON AB,LONDON AB,274,
252,EK,387,3,3 months,wt,wt,sp7 wt sib,"(1999, 610, 610)",743827900,0.021183676321263,0.021183676321263,0.021183676321263,,,LONDON AB,LONDON AB,LONDON AB,258,
253,EK,388,3,3 months,wt,wt,sp7 wt sib,"(1999, 580, 580)",672463600,0.021183676321263,0.021183676321263,0.021183676321263,,,LONDON AB,LONDON AB,LONDON AB,83,
254,EK,389,3,3 months,wt,wt,sp7 wt sib,"(1999, 610, 610)",743827900,0.021183676321263,0.021183676321263,0.021183676321263,,,LONDON AB,LONDON AB,LONDON AB,346,
255,EK,390,14,1.2 year,het,sp7,sp7 +/-,"(2000, 610, 610)",744200000,0.021391472980511,0.021391472980511,0.021391472980511,*(390-397)," For high res: head ribs, tail ",LONDON AB,LONDON AB,LONDON AB,219,
256,EK,391,14,1.2 year,het,sp7,sp7 +/-,"(2000, 584, 584)",682112000,0.021391472980511,0.021391472980511,0.021391472980511,," For high res: head ribs, tail ",LONDON AB,LONDON AB,LONDON AB,316,
257,EK,392,14,1.2 year,het,sp7,sp7 +/-,"(2000, 604, 604)",729632000,0.021391472980511,0.021391472980511,0.021391472980511,,,LONDON AB,LONDON AB,LONDON AB,218,
258,EK,393,14,1.2 year,het,sp7,sp7 +/-,"(2000, 614, 614)",753992000,0.021391472980511,0.021391472980511,0.021391472980511,,,LONDON AB,LONDON AB,LONDON AB,137,
259,EK,394,14,1.2 year,het,sp7,sp7 +/-,"(2000, 520, 520)",540800000,0.021391472980511,0.021391472980511,0.021391472980511,,,LONDON AB,LONDON AB,LONDON AB,59,
260,EK,395,14,1.2 year,het,sp7,sp7 +/-,"(2000, 580, 580)",672800000,0.021391472980511,0.021391472980511,0.021391472980511,,,LONDON AB,LONDON AB,LONDON AB,0,
261,EK,396,14,1.2 year,het,sp7,sp7 +/-,"(2000, 654, 654)",855432000,0.021391472980511,0.021391472980511,0.021391472980511,,,LONDON AB,LONDON AB,LONDON AB,275,
262,EK,397,14,1.2 year,het,sp7,sp7 +/-,"(2000, 610, 610)",744200000,0.021391472980511,0.021391472980511,0.021391472980511,,,LONDON AB,LONDON AB,LONDON AB,118,
263,EK,398,3,3 months,het,sp7,sp7 +/-,"(2000, 550, 550)",605000000,0.021391472980511,0.021391472980511,0.021391472980511,*(398-405)," For high res: head ribs, tail ",LONDON AB,LONDON AB,LONDON AB,14,
264,EK,399,3,3 months,het,sp7,sp7 +/-,"(2000, 594, 594)",705672000,0.021391472980511,0.021391472980511,0.021391472980511,,,LONDON AB,LONDON AB,LONDON AB,91,
265,EK,400,3,3 months,het,sp7,sp7 +/-,"(2000, 492, 594)",584496000,0.021391472980511,0.021391472980511,0.021391472980511,,,LONDON AB,LONDON AB,LONDON AB,335,
266,EK,401,3,3 months,het,sp7,sp7 +/-,"(1999, 560, 560)",626886400,0.021906735777957,0.021906735777957,0.021906735777957,,"moved, rescanned with 421",LONDON AB,LONDON AB,LONDON AB,215,
267,EK,402,3,3 months,het,sp7,sp7 +/-,"(2000, 584, 584)",682112000,0.021391472980511,0.021391472980511,0.021391472980511,,,LONDON AB,LONDON AB,LONDON AB,265,
268,EK,403,3,3 months,hom,sp7,sp7 -/-,"(1999, 594, 594)",705319164,0.021906735777957,0.021906735777957,0.021906735777957,,"moved, rescanned with 421,  For high res: head ribs, tail ",LONDON AB,LONDON AB,LONDON AB,47,
269,EK,404,3,3 months,hom,sp7,sp7 -/-,"(2000, 584, 584)",682112000,0.021391472980511,0.021391472980511,0.021391472980511,,,LONDON AB,LONDON AB,LONDON AB,46,
270,EK,405,3,3 months,hom,sp7,sp7 -/-,,,,,,,"moved, rescanned with 421",EK_Phantoms_211117_PM,6.274029,2.5,,
271,EK,406,,,hom,scxa,scxa kg170/kg170,,,,,,(*406-413),,EK_Phantoms_211117_PM,6.274029,2.5,,
272,EK,407,,,hom,scxa,scxa kg170/kg170,"(1999, 590, 590)",695851900,0.021906735777957,0.021906735777957,0.021906735777957,,,LONDON AB,LONDON AB,LONDON AB,151,
273,EK,408,,,hom,scxa,scxa kg170/kg170,"(1999, 590, 590)",695851900,0.021906735777957,0.021906735777957,0.021906735777957,,,LONDON AB,LONDON AB,LONDON AB,348,
274,EK,409,,,hom,scxa,scxa kg170/kg170,"(1999, 590, 572)",674622520,0.021906735777957,0.021906735777957,0.021906735777957,,,LONDON AB,LONDON AB,LONDON AB,293,
275,EK,410,,,het,scxa,scxa kg170 +/-,"(1999, 580, 580)",672463600,0.021906735777957,0.021906735777957,0.021906735777957,,,LONDON AB,LONDON AB,LONDON AB,61,
276,EK,411,,,het,scxa,scxa kg170 +/-,"(1999, 528, 594)",626950368,0.021906735777957,0.021906735777957,0.021906735777957,,,LONDON AB,LONDON AB,LONDON AB,125,
277,EK,412,,,het,scxa,scxa kg170 +/-,"(1999, 574, 574)",658622524,0.021906735777957,0.021906735777957,0.021906735777957,,,LONDON AB,LONDON AB,LONDON AB,151,
278,EK,413,,,het,scxa,scxa kg170 +/-,"(1999, 584, 584)",681770944,0.021906735777957,0.021906735777957,0.021906735777957,,,LONDON AB,LONDON AB,LONDON AB,314,
279,EK,414,,,wt,scxa,scxa sibs yaniv +/+,"(1999, 580, 580)",672463600,0.021906735777957,0.021906735777957,0.021906735777957,*(414-420),,LONDON AB,LONDON AB,LONDON AB,25,
280,EK,415,,,wt,scxa,scxa sibs yaniv +/+,"(1999, 574, 574)",658622524,0.021906735777957,0.021906735777957,0.021906735777957,,,LONDON AB,LONDON AB,LONDON AB,317,
281,EK,416,,,wt,scxa,scxa sibs yaniv +/+,"(1999, 554, 554)",613525084,0.021906735777957,0.021906735777957,0.021906735777957,,,LONDON AB,LONDON AB,LONDON AB,125,
282,EK,417,,,wt,scxa,scxa sibs yaniv +/+,"(1999, 554, 554)",613525084,0.021906735777957,0.021906735777957,0.021906735777957,,,LONDON AB,LONDON AB,LONDON AB,98,
283,EK,418,9,9 months,het,sp7,sp7  het,"(1999, 580, 580)",672463600,0.021906735777957,0.021906735777957,0.021906735777957,,,LONDON AB,LONDON AB,LONDON AB,165,
284,EK,419,9,9 months,het,sp7,sp7  het,"(1999, 590, 590)",695851900,0.021906735777957,0.021906735777957,0.021906735777957,,,LONDON AB,LONDON AB,LONDON AB,195,
285,EK,420,9,9 months,hom,sp7,sp7 mut,"(1999, 584, 584)",681770944,0.021906735777957,0.021906735777957,0.021906735777957,,,LONDON AB,LONDON AB,LONDON AB,61,
286,EK,421,12,1 year,hom,col11a2,col11a2-/-,"(1999, 620, 620)",768415600,0.021906735777957,0.021906735777957,0.021906735777957,"*(401,403,405,421)",HR head and ribs,LONDON AB,LONDON AB,LONDON AB,125,
287,EK,422,18,1.5 year ,wt,wt,entpd5:KAEDA- EC,,,,,,,"to pair with col11a2 het enhance contrast (EC), in enhance contrast solution. 422 is high res contrast scan used as control for FEA, so is not scanned at low res (ENTPD5)",enchance contrast,,,,
288,EK,423,3,3 months,wt,col11a2,col11a2 sibs,"(2000, 518, 554)",573944000,0.023216347339734,0.023216347339734,0.023216347339734,*(423-430),,LONDON AB,LONDON AB,LONDON AB,79,
289,EK,424,3,3 months,wt,col11a2,col11a2 sibs,"(2000, 574, 574)",658952000,0.023216347339734,0.023216347339734,0.023216347339734,,,LONDON AB,LONDON AB,LONDON AB,264,"[293.7175294220895, 353.176246721171]"
290,EK,425,3,3 months,wt,col11a2,col11a2 sibs,"(2000, 550, 550)",605000000,0.023216347339734,0.023216347339734,0.023216347339734,,,LONDON AB,LONDON AB,LONDON AB,170,
291,EK,426,3,3 months,het,col11 ,col11 +/-,"(2000, 514, 514)",528392000,0.023216347339734,0.023216347339734,0.023216347339734,,,LONDON AB,LONDON AB,LONDON AB,190,
292,EK,427,3,3 months,het,col11 ,col11 +/-,"(2000, 534, 534)",570312000,0.023216347339734,0.023216347339734,0.023216347339734,,,LONDON AB,LONDON AB,LONDON AB,238,
293,EK,428,3,3 months,het,col11 ,col11 +/-,"(2000, 550, 550)",605000000,0.023216347339734,0.023216347339734,0.023216347339734,,,LONDON AB,LONDON AB,LONDON AB,274,
294,EK,429,3,3 months,het,col11 ,col11 +/-,"(2000, 604, 604)",729632000,0.023216347339734,0.023216347339734,0.023216347339734,,,LONDON AB,LONDON AB,LONDON AB,16,
295,EK,430,3,3 months,het,col11 ,col11 +/-,"(2000, 560, 560)",627200000,0.023216347339734,0.023216347339734,0.023216347339734,,,LONDON AB,LONDON AB,LONDON AB,128,
296,EK,431,12,1 year,wt,col11a2,col11a2 sibs,"(2000, 550, 550)",605000000,0.022595624251547,0.022595624251547,0.022595624251547,*(431-438),*HR,LONDON AB,LONDON AB,LONDON AB,296,
297,EK,432,12,1 year,wt,col11a2,col11a2 sibs,"(2000, 534, 534)",570312000,0.022595624251547,0.022595624251547,0.022595624251547,,,LONDON AB,LONDON AB,LONDON AB,339,
298,EK,433,12,1 year,wt,col11a2,col11a2 sibs,"(2000, 590, 590)",696200000,0.022595624251547,0.022595624251547,0.022595624251547,,,LONDON AB,LONDON AB,LONDON AB,43,"[425.77942637613313, 221.79141238118467]"
299,EK,434,12,1 year,wt,col11a2,col11a2 sibs,"(2000, 590, 590)",696200000,0.022595624251547,0.022595624251547,0.022595624251547,,,LONDON AB,LONDON AB,LONDON AB,238,"[286.42127293790935, 330.85431507196864]"
300,EK,435,12,1 year,het,col11 ,col11 +/-,"(2000, 570, 570)",649800000,0.022595624251547,0.022595624251547,0.022595624251547,,,LONDON AB,LONDON AB,LONDON AB,130,
301,EK,436,12,1 year,het,col11 ,col11 +/-,"(2000, 490, 490)",480200000,0.022595624251547,0.022595624251547,0.022595624251547,,*HR,LONDON AB,LONDON AB,LONDON AB,343,
302,EK,437,12,1 year,het,col11 ,col11 +/-,"(2000, 534, 534)",570312000,0.022595624251547,0.022595624251547,0.022595624251547,,,LONDON AB,LONDON AB,LONDON AB,245,
303,EK,438,12,1 year,het,col11 ,col11 +/-,"(2000, 574, 574)",658952000,0.022595624251547,0.022595624251547,0.022595624251547,,,LONDON AB,LONDON AB,LONDON AB,140,
304,EK,440,12,1 year,wt,wt,wt,"(2000, 654, 654)",855432000,0.019912917730777,0.019912917730777,0.019912917730777,(440-447),Reconstructions were done by TOM  to show best images. Phantons were not reconstructed.  If need BMD Liz can run recs later for all the scans done on 25.01.18. HR head,LONDON AB,LONDON AB,LONDON AB,155,
305,EK,441,12,1 year,wt,wt,wt,"(2000, 630, 630)",793800000,0.019912917730777,0.019912917730777,0.019912917730777,,,LONDON AB,LONDON AB,LONDON AB,243,
306,EK,442,12,1 year,wt,wt,wt,"(2000, 500, 574)",574000000,0.019912917730777,0.019912917730777,0.019912917730777,,,LONDON AB,LONDON AB,LONDON AB,210,
307,EK,443,12,1 year,hom,col11a2,col11a2 -/- ,"(2000, 620, 620)",768800000,0.019912917730777,0.019912917730777,0.019912917730777,,HR head and ribs,LONDON AB,LONDON AB,LONDON AB,155,
308,EK,444,12,1 year,mosaic,wnt16,wnt16- inj crispr,"(2000, 620, 620)",768800000,0.019912917730777,0.019912917730777,0.019912917730777,,"HR, spinal phenotype severe",LONDON AB,LONDON AB,LONDON AB,74,
309,EK,445,12,1 year,mosaic,wnt16,wnt16- inj crispr,"(2000, 610, 610)",744200000,0.019912917730777,0.019912917730777,0.019912917730777,,,LONDON AB,LONDON AB,LONDON AB,309,
310,EK,446,3,3 months,comp het,wnt16,wnt16 G1 ,"(2000, 620, 620)",768800000,0.019912917730777,0.019912917730777,0.019912917730777,,,LONDON AB,LONDON AB,LONDON AB,141,
311,EK,447,3,3 months,comp het,wnt16,wnt16 G1 ,"(2000, 604, 604)",729632000,0.019912917730777,0.019912917730777,0.019912917730777,,HR head and ribs,LONDON AB,LONDON AB,LONDON AB,96,
312,EK,448,12,1 year,mosaic,wnt16,wnt16- inj crispr,"(1999, 530, 620)",656871400,0.019912917730777,0.019912917730777,0.019912917730777,(448-455),,LONDON AB,LONDON AB,LONDON AB,292,
313,EK,449,18,1.5 year,het maybe ,vhl,vhl hu2117,"(1999, 634, 634)",803510044,0.019912917730777,0.019912917730777,0.019912917730777,,,LONDON AB,LONDON AB,LONDON AB,40,
314,EK,450,18,1.5 year,het maybe ,vhl,vhl hu2117,"(1999, 620, 620)",768415600,0.019912917730777,0.019912917730777,0.019912917730777,,,LONDON AB,LONDON AB,LONDON AB,279,
315,EK,451,18,1.5 year,het maybe ,vhl,vhl hu2117,"(1999, 590, 590)",695851900,0.019912917730777,0.019912917730777,0.019912917730777,,,LONDON AB,LONDON AB,LONDON AB,2,
316,EK,452,18,1.5 year,het maybe ,vhl,vhl hu2117,"(1999, 590, 590)",695851900,0.019912917730777,0.019912917730777,0.019912917730777,,,LONDON AB,LONDON AB,LONDON AB,26,
317,EK,453,18,1.5 year,het maybe ,vhl,vhl hu2117,"(1999, 580, 580)",672463600,0.019912917730777,0.019912917730777,0.019912917730777,,,LONDON AB,LONDON AB,LONDON AB,5,
318,EK,454,18,1.5 year,het maybe ,vhl,vhl hu2117,"(1999, 610, 610)",743827900,0.019912917730777,0.019912917730777,0.019912917730777,,,LONDON AB,LONDON AB,LONDON AB,141,
319,EK,455,18,1.5 year,het maybe ,vhl,vhl hu2117,"(1999, 594, 594)",705319164,0.019912917730777,0.019912917730777,0.019912917730777,,,LONDON AB,LONDON AB,LONDON AB,224,
320,EK,456,7,7 months,wt,col11a2,col11a2 +/+,"(2000, 570, 570)",649800000,0.022151959778149,0.022151959778149,0.022151959778149,(456-463),HR,LONDON AB,LONDON AB,LONDON AB,322,
321,EK,457,7,7 months,wt,col11a2,col11a2 +/+,"(2000, 584, 584)",682112000,0.022151959778149,0.022151959778149,0.022151959778149,,,LONDON AB,LONDON AB,LONDON AB,280,
322,EK,458,7,7 months,wt,col11a2,col11a2 +/+,"(2000, 580, 580)",672800000,0.022151959778149,0.022151959778149,0.022151959778149,,,LONDON AB,LONDON AB,LONDON AB,335,
323,EK,459,7,7 months,het,col11a2,col11a2 +/-,"(2000, 560, 560)",627200000,0.022151959778149,0.022151959778149,0.022151959778149,,,LONDON AB,LONDON AB,LONDON AB,17,
324,EK,460,7,7 months,het,col11a2,col11a2 +/-,"(2000, 560, 560)",627200000,0.022151959778149,0.022151959778149,0.022151959778149,,HR,LONDON AB,LONDON AB,LONDON AB,230,
325,EK,461,7,7 months,het,col11a2,col11a2 +/-,"(2000, 624, 624)",778752000,0.022151959778149,0.022151959778149,0.022151959778149,,,LONDON AB,LONDON AB,LONDON AB,277,
326,EK,462,28,2.3 years,het,col11a2,col11a2 +/-,"(2000, 590, 574)",677320000,0.022151959778149,0.022151959778149,0.022151959778149,,,LONDON AB,LONDON AB,LONDON AB,219,
327,EK,463,28,2.3 years,het,col11a2,col11a2 +/-,"(2000, 580, 580)",672800000,0.022151959778149,0.022151959778149,0.022151959778149,,,LONDON AB,LONDON AB,LONDON AB,94,
328,EK,464,28,2.3 years,het,col11a2,col11a2 +/-,"(2000, 620, 620)",768800000,0.022395578970411,0.022395578970411,0.022395578970411,(464-470),HR,LONDON AB,LONDON AB,LONDON AB,109,
329,EK,465,6,6 months,wt,tert,tert +/+,"(2000, 620, 620)",768800000,0.022395578970411,0.022395578970411,0.022395578970411,,,LONDON AB,LONDON AB,LONDON AB,110,"[252.3297693259576, 370.0113552229432]"
330,EK,466,6,6 months,wt,tert,tert +/+,"(2000, 604, 604)",729632000,0.022395578970411,0.022395578970411,0.022395578970411,,,LONDON AB,LONDON AB,LONDON AB,203,
331,EK,467,6,6 months,wt,tert,tert +/+,"(2000, 594, 594)",705672000,0.022395578970411,0.022395578970411,0.022395578970411,,,LONDON AB,LONDON AB,LONDON AB,204,"[223.29846722473002, 276.16624772328305]"
332,EK,468,6,6 months,hom,tert,tert -/-,"(2000, 630, 630)",793800000,0.022395578970411,0.022395578970411,0.022395578970411,,,LONDON AB,LONDON AB,LONDON AB,105,"[279.9004660164622, 390.0423472722147]"
333,EK,469,6,6 months,hom,tert,tert -/-,"(2000, 620, 620)",768800000,0.022395578970411,0.022395578970411,0.022395578970411,,,LONDON AB,LONDON AB,LONDON AB,8,
334,EK,470,6,6 months,hom,tert,tert -/-,"(2000, 560, 560)",627200000,0.022395578970411,0.022395578970411,0.022395578970411,,,LONDON AB,LONDON AB,LONDON AB,347,
335,EK,471,3,3 months,hom,wnt16,wnt16.1 -/-,"(2000, 654, 654)",855432000,0.020017218226011,0.020017218226011,0.020017218226011,471_478,Synchroton/ fins +vertebrae,LONDON AB,LONDON AB,LONDON AB,107,
336,EK,472,3,3 months,hom,wnt16,wnt16.1 -/-,"(2000, 594, 594)",705672000,0.020017218226011,0.020017218226011,0.020017218226011,,Synchroton/ fins+vertebrae,LONDON AB,LONDON AB,LONDON AB,40,
337,EK,473,3,3 months,hom,wnt16,wnt16.1 -/-,"(2000, 614, 614)",753992000,0.020017218226011,0.020017218226011,0.020017218226011,,Synchroton/ fins+vertebrae,LONDON AB,LONDON AB,LONDON AB,327,
338,EK,474,3,3 months,hom,wnt16,wnt16.1 -/-,"(2000, 594, 594)",705672000,0.020017218226011,0.020017218226011,0.020017218226011,,For BMD,LONDON AB,LONDON AB,LONDON AB,176,
339,EK,475,3,3 months,hom,wnt16,wnt16.1 -/-,"(2000, 644, 530)",682640000,0.020017218226011,0.020017218226011,0.020017218226011,,For BMD,LONDON AB,LONDON AB,LONDON AB,116,
340,EK,476,3,3 months,hom,wnt16,wnt16.1 -/-,"(2000, 624, 624)",778752000,0.020017218226011,0.020017218226011,0.020017218226011,,For BMD,LONDON AB,LONDON AB,LONDON AB,37,
341,EK,477,3,3 months,hom,wnt16,wnt16.1 -/-,"(2000, 644, 644)",829472000,0.020017218226011,0.020017218226011,0.020017218226011,,For BMD,LONDON AB,LONDON AB,LONDON AB,243,
342,EK,478,3,3 months,hom,wnt16,wnt16.1 -/-,"(2000, 614, 614)",753992000,0.020017218226011,0.020017218226011,0.020017218226011,,For BMD,LONDON AB,LONDON AB,LONDON AB,111,
343,EK,479,8,8 months,hom,chsy1,chsy1 -/-,"(2000, 574, 574)",658952000,0.020017218226011,0.020017218226011,0.020017218226011,479_486,from jaw moviment ,LONDON AB,LONDON AB,LONDON AB,274,
344,EK,480,8,8 months,hom,chsy1,chsy1 -/-,"(2000, 584, 584)",682112000,0.020017218226011,0.020017218226011,0.020017218226011,,from jaw moviment/ histology,LONDON AB,LONDON AB,LONDON AB,206,
345,EK,481,8,8 months,hom,chsy1,chsy1 -/-,"(2000, 594, 594)",705672000,0.020017218226011,0.020017218226011,0.020017218226011,,from jaw moviment ,LONDON AB,LONDON AB,LONDON AB,220,
346,EK,482,12,1 year,mosaic,wnt16,wnt16 injected ,"(2000, 574, 574)",658952000,0.020017218226011,0.020017218226011,0.020017218226011,,from jaw moviment ,LONDON AB,LONDON AB,LONDON AB,96,
347,EK,483,12,1 year,mosaic,wnt16,wnt16 injected ,"(2000, 624, 624)",778752000,0.020017218226011,0.020017218226011,0.020017218226011,,from jaw moviment ,LONDON AB,LONDON AB,LONDON AB,176,
348,EK,484,12,1 year,hom,col11 ,col11 -/-,"(2000, 594, 594)",705672000,0.020017218226011,0.020017218226011,0.020017218226011,,from jaw moviment ,LONDON AB,LONDON AB,LONDON AB,275,
349,EK,485,12,1 year,hom,col11 ,col11 -/-,"(2000, 594, 594)",705672000,0.020017218226011,0.020017218226011,0.020017218226011,,from jaw moviment ,LONDON AB,LONDON AB,LONDON AB,192,
350,EK,486,3,3 months,hom,wnt16,wnt16.1-/-,"(2000, 634, 634)",803912000,0.020017218226011,0.020017218226011,0.020017218226011,,from jaw moviment ,LONDON AB,LONDON AB,LONDON AB,7,
351,EK,487,3,3 months,hom,wnt16,wnt16.1-/-,"(2000, 670, 670)",897800000,0.020017218226011,0.020017218226011,0.020017218226011,487_494,from jaw moviment ,LONDON AB,LONDON AB,LONDON AB,283,
352,EK,488,18,1.5y,wt,wt,wt,"(2000, 650, 650)",845000000,0.020017218226011,0.020017218226011,0.020017218226011,,from jaw moviment ,LONDON AB,LONDON AB,LONDON AB,290,
353,EK,489,18,1.5y,wt,wt,wt,"(2000, 644, 644)",829472000,0.020017218226011,0.020017218226011,0.020017218226011,,from jaw moviment ,LONDON AB,LONDON AB,LONDON AB,161,
354,EK,490,18,1.5y,wt,wt,wt,"(2000, 650, 650)",845000000,0.020017218226011,0.020017218226011,0.020017218226011,,from jaw moviment ,LONDON AB,LONDON AB,LONDON AB,203,
355,EK,491,18,1.5y,wt,wt,wt,"(2000, 620, 526)",652240000,0.020017218226011,0.020017218226011,0.020017218226011,,from jaw moviment ,LONDON AB,LONDON AB,LONDON AB,334,
356,EK,492,6,6 months,wt,wt,wt,"(2000, 714, 714)",1019592000,0.020017218226011,0.020017218226011,0.020017218226011,,from jaw moviment ,LONDON AB,LONDON AB,LONDON AB,84,
357,EK,493,6,6 months,wt,wt,wt,"(2000, 496, 634)",628928000,0.020017218226011,0.020017218226011,0.020017218226011,,from jaw moviment -High Res,LONDON AB,LONDON AB,LONDON AB,301,
358,EK,494,6,6 months,wt,wt,wt,"(2000, 640, 640)",819200000,0.020017218226011,0.020017218226011,0.020017218226011,,from jaw moviment -High Res,LONDON AB,LONDON AB,LONDON AB,286,
359,EK,495,6,6 months,wt,wt,wt,,,,,,,from jaw moviment - High Re,,,2.5,,
360,EK,496,6,6 months,wt,wt,wt,,,,,,,from jaw moviment -High Res,,,2.5,,
361,EK,497,5,5 months,hom,col9a1,col9a1 -/- ,"(2000, 634, 634)",803912000,0.020694566657056,0.020694566657056,0.020694566657056,497_503,phantom scanned in position 7. HR/ ELIS,LONDON AB,LONDON AB,LONDON AB,264,
362,EK,498,,,hom,col9a1,col9a1 -/- ,"(2000, 644, 644)",829472000,0.020694566657056,0.020694566657056,0.020694566657056,,High Res/ histology,LONDON AB,LONDON AB,LONDON AB,218,
363,EK,499,,,hom,col9a1,col9a1 -/- ,"(2000, 660, 660)",871200000,0.020694566657056,0.020694566657056,0.020694566657056,,High Res/ ELIS,LONDON AB,LONDON AB,LONDON AB,253,
364,EK,500,3,3 months,hom,wnt16,wnt16.1 -/-,"(2000, 640, 640)",819200000,0.020694566657056,0.020694566657056,0.020694566657056,,,LONDON AB,LONDON AB,LONDON AB,255,
365,EK,501,3,3 months,hom,wnt16,wnt16.1 -/-,"(2000, 670, 670)",897800000,0.020694566657056,0.020694566657056,0.020694566657056,,,LONDON AB,LONDON AB,LONDON AB,40,
366,EK,502,3,3 months,hom,wnt16,wnt16.1 -/-,"(2000, 654, 654)",855432000,0.020694566657056,0.020694566657056,0.020694566657056,,,LONDON AB,LONDON AB,LONDON AB,290,
367,EK,503,3,3 months,hom,wnt16,wnt16.1 -/-,"(2000, 634, 634)",803912000,0.020694566657056,0.020694566657056,0.020694566657056,,,LONDON AB,LONDON AB,LONDON AB,180,
368,EK,504,12,1 year,hom,col11 ,col11 -/-,,,,,,"head, not scanned at 20um",from jaw moviment ,,,,,
369,EK,505,3,3 months,hom,wnt16,wnt16.1-/-,,,,,,"head, not scanned at 20um",from jaw moviment ,,,,,
370,EK,506,12,1 year,mosaic,wnt16,wnt16 injected ,,,,,,"head, not scanned at 20um",from jaw moviment ,,,,,
371,EK,507,8,8 months,hom,chsy1,chsy1 -/-,,,,,,"head, not scanned at 20um",from jaw moviment ,,,,,
372,EK,508,,,,,,,,,,,,,,,,,
373,EK,509,,,,,,,,,,,,,,,,,
374,EK,510,12,1 year,hom,wnt16,wnt16-/-,"(2000, 630, 630)",793800000,0.020006239655147,0.020006239655147,0.020006239655147,510_516,For OA paper ,LONDON AB,LONDON AB,LONDON AB,74,
375,EK,511,12,1 year,hom,wnt16,wnt16-/-,"(2000, 594, 594)",705672000,0.020006239655147,0.020006239655147,0.020006239655147,,For OA paper ,LONDON AB,LONDON AB,LONDON AB,248,
376,EK,512,12,1 year,hom,wnt16,wnt16-/-,"(2000, 630, 630)",793800000,0.020006239655147,0.020006239655147,0.020006239655147,,For OA paper ,LONDON AB,LONDON AB,LONDON AB,311,
377,EK,513,12,1 year,hom,wnt16,wnt16-/-,"(2000, 624, 624)",778752000,0.020006239655147,0.020006239655147,0.020006239655147,,For OA paper ,LONDON AB,LONDON AB,LONDON AB,218,
378,EK,514,12,1 year,hom,wnt16,wnt16-/-,"(2000, 584, 584)",682112000,0.020006239655147,0.020006239655147,0.020006239655147,,For OA paper ,LONDON AB,LONDON AB,LONDON AB,123,
379,EK,515,12,1 year,hom,wnt16,wnt16-/-,"(2000, 620, 620)",768800000,0.020006239655147,0.020006239655147,0.020006239655147,,For OA paper ,LONDON AB,LONDON AB,LONDON AB,185,
380,EK,516,12,1 year,hom,wnt16,wnt16-/-,"(2000, 580, 630)",730800000,0.020006239655147,0.020006239655147,0.020006239655147,,For OA paper ,LONDON AB,LONDON AB,LONDON AB,0,
381,EK,517,12,1 year,hom,chsy1,chsy1-/-,"(2000, 600, 600)",720000000,0.020006239655147,0.020006239655147,0.020006239655147,517_524,For OA paper CORRECT NAME TO 517_524,LONDON AB,LONDON AB,LONDON AB,212,
382,EK,518,12,1 year,hom,chsy1,chsy1-/-,"(2000, 610, 470)",573400000,0.020006239655147,0.020006239655147,0.020006239655147,,For OA paper ,LONDON AB,LONDON AB,LONDON AB,249,
383,EK,519,12,1 year,hom,chsy1,chsy1-/-,"(2000, 634, 634)",803912000,0.020006239655147,0.020006239655147,0.020006239655147,,For OA paper ,LONDON AB,LONDON AB,LONDON AB,91,
384,EK,520,12,1 year,hom,chsy1,chsy1-/-,"(2000, 526, 654)",688008000,0.020006239655147,0.020006239655147,0.020006239655147,,For OA paper ,LONDON AB,LONDON AB,LONDON AB,216,
385,EK,521,12,1 year,hom,chsy1,chsy1-/-,"(2000, 634, 634)",803912000,0.020006239655147,0.020006239655147,0.020006239655147,,For OA paper ,LONDON AB,LONDON AB,LONDON AB,18,
386,EK,522,12,1 year,hom,chsy1,chsy1-/-,"(2000, 620, 620)",768800000,0.020006239655147,0.020006239655147,0.020006239655147,,For OA paper ,LONDON AB,LONDON AB,LONDON AB,184,
387,EK,523,12,1 year,hom,gdf5,gdf5-/-,"(2000, 624, 624)",778752000,0.020006239655147,0.020006239655147,0.020006239655147,,For OA paper ,LONDON AB,LONDON AB,LONDON AB,36,
388,EK,524,12,1 year,hom,gdf5,gdf5-/-,"(2000, 634, 634)",803912000,0.020006239655147,0.020006239655147,0.020006239655147,,For OA paper ,LONDON AB,LONDON AB,LONDON AB,63,
389,EK,525,12,1 year,hom,ncoa3,ncoa3-/-,"(2000, 590, 590)",696200000,0.020006239655147,0.020006239655147,0.020006239655147,525_532,For OA paper CORRECT NAME TO 525_532,LONDON AB,LONDON AB,LONDON AB,76,
390,EK,526,12,1 year,hom,ncoa3,ncoa3-/-,"(2000, 614, 614)",753992000,0.020006239655147,0.020006239655147,0.020006239655147,,For OA paper ,LONDON AB,LONDON AB,LONDON AB,184,
391,EK,527,12,1 year,hom,ncoa3,ncoa3-/-,"(2000, 604, 604)",729632000,0.020006239655147,0.020006239655147,0.020006239655147,,For OA paper ,LONDON AB,LONDON AB,LONDON AB,77,
392,EK,528,12,1 year,hom,ncoa3,ncoa3-/-,"(2000, 614, 614)",753992000,0.020006239655147,0.020006239655147,0.020006239655147,,For OA paper ,LONDON AB,LONDON AB,LONDON AB,340,
393,EK,529,12,1 year,hom,ncoa3,ncoa3-/-,"(2000, 604, 604)",729632000,0.020006239655147,0.020006239655147,0.020006239655147,,For OA paper ,LONDON AB,LONDON AB,LONDON AB,140,
394,EK,530,12,1 year,hom,ncoa3,ncoa3-/-,"(2000, 624, 624)",778752000,0.020006239655147,0.020006239655147,0.020006239655147,,For OA paper ,LONDON AB,LONDON AB,LONDON AB,247,
395,EK,531,12,1 year,hom,ncoa3,ncoa3-/-,"(2000, 660, 660)",871200000,0.020006239655147,0.020006239655147,0.020006239655147,,For OA paper ,LONDON AB,LONDON AB,LONDON AB,323,
396,EK,532,12,1 year,hom,ncoa3,ncoa3-/-,"(2000, 640, 640)",819200000,0.020006239655147,0.020006239655147,0.020006239655147,,For OA paper ,LONDON AB,LONDON AB,LONDON AB,69,
397,EK,533,12,1 year,het,barx1,barx1+/-,"(2000, 594, 594)",705672000,0.020006239655147,0.020006239655147,0.020006239655147,533_540,For OA paper ,LONDON AB,LONDON AB,LONDON AB,80,
398,EK,534,12,1 year,het,barx1,barx1+/-,"(2000, 640, 640)",819200000,0.020006239655147,0.020006239655147,0.020006239655147,,For OA paper ,LONDON AB,LONDON AB,LONDON AB,331,
399,EK,535,12,1 year,het,barx1,barx1+/-,"(2000, 614, 614)",753992000,0.020006239655147,0.020006239655147,0.020006239655147,,For OA paper ,LONDON AB,LONDON AB,LONDON AB,296,
400,EK,536,12,1 year,het,barx1,barx1+/-,"(2000, 624, 624)",778752000,0.020006239655147,0.020006239655147,0.020006239655147,,For OA paper ,LONDON AB,LONDON AB,LONDON AB,61,
401,EK,537,12,1 year,het,barx1,barx1+/-,"(2000, 604, 604)",729632000,0.020006239655147,0.020006239655147,0.020006239655147,,For OA paper ,LONDON AB,LONDON AB,LONDON AB,187,
402,EK,538,12,1 year,het,barx1,barx1+/-,"(2000, 516, 614)",633648000,0.020006239655147,0.020006239655147,0.020006239655147,,For OA paper ,LONDON AB,LONDON AB,LONDON AB,147,
403,EK,539,6,6 months,tg,ras,tgRAS paco,"(2000, 570, 570)",649800000,0.020006239655147,0.020006239655147,0.020006239655147,,For spine cancer,LONDON AB,LONDON AB,LONDON AB,326,
404,EK,540,6,6 months,tg,ras,tgRAS paco,"(2000, 634, 634)",803912000,0.020006239655147,0.020006239655147,0.020006239655147,,For spine cancer,LONDON AB,LONDON AB,LONDON AB,48,
405,EK,541,6,6 months,tg,ras,tgRAS paco,"(2000, 680, 680)",924800000,0.020006239655147,0.020006239655147,0.020006239655147,541_548 - wrong numbers given to this dataset,For spine cancer,LONDON AB,LONDON AB,LONDON AB,170,
406,EK,542,6,6 months,tg,ras,tgRAS paco,"(2000, 680, 680)",924800000,0.020006239655147,0.020006239655147,0.020006239655147,,For spine cancer,LONDON AB,LONDON AB,LONDON AB,316,
407,EK,543,6,6 months,tg,ras,tgRAS paco,"(2000, 624, 624)",778752000,0.020006239655147,0.020006239655147,0.020006239655147,,For spine cancer,LONDON AB,LONDON AB,LONDON AB,99,
408,EK,544,8,8 months,wt,atg,ATG +/+,"(2000, 634, 634)",803912000,0.020006239655147,0.020006239655147,0.020006239655147,,For Joanna autophagy,LONDON AB,LONDON AB,LONDON AB,131,
409,EK,545,8,8 months,wt,atg,ATG +/+,"(2000, 634, 634)",803912000,0.020006239655147,0.020006239655147,0.020006239655147,,For Joanna autophagy,LONDON AB,LONDON AB,LONDON AB,293,
410,EK,546,8,8 months,wt,atg,ATG +/+,"(2000, 664, 664)",881792000,0.020006239655147,0.020006239655147,0.020006239655147,,For Joanna autophagy,LONDON AB,LONDON AB,LONDON AB,149,
411,EK,547,8,8 months,wt,atg,ATG +/+,"(2000, 664, 664)",881792000,0.020006239655147,0.020006239655147,0.020006239655147,,For Joanna autophagy,LONDON AB,LONDON AB,LONDON AB,268,
412,EK,548,8,8 months,wt,atg,ATG +/+,"(2000, 670, 670)",897800000,0.020006239655147,0.020006239655147,0.020006239655147,,For Joanna autophagy,LONDON AB,LONDON AB,LONDON AB,109,
413,EK,549,12,1 year,hom,col9,col9-/-,"(2000, 650, 650)",845000000,0.020006239655147,0.020006239655147,0.020006239655147,549_553,For OA paper ,LONDON AB,LONDON AB,LONDON AB,11,
414,EK,550,12,1 year,hom,col9,col9-/-,"(2000, 634, 634)",803912000,0.020006239655147,0.020006239655147,0.020006239655147,,For OA paper ,LONDON AB,LONDON AB,LONDON AB,277,
415,EK,551,12,1 year,hom,col9,col9-/-,"(2000, 630, 630)",793800000,0.020006239655147,0.020006239655147,0.020006239655147,,For OA paper ,LONDON AB,LONDON AB,LONDON AB,156,
416,EK,552,12,1 year,hom,col9,col9-/-,"(2000, 620, 620)",768800000,0.020006239655147,0.020006239655147,0.020006239655147,,For OA paper ,LONDON AB,LONDON AB,LONDON AB,172,
417,EK,553,12,1 year,hom,col9,col9-/-,"(2000, 616, 620)",763840000,0.020006239655147,0.020006239655147,0.020006239655147,,For OA paper ,LONDON AB,LONDON AB,LONDON AB,91,
418,EK,554,8,8 months,het,atg,ATG +/- ,,,,,,549_553 _ACTUAL 554_558,For Joanna autophagy,ek_phantom_150719_12pm,7.7294744,2.5,,
419,EK,555,8,8 months,het,atg,ATG +/- ,,,,,,,For Joanna autophagy,ek_phantom_150719_12pm,7.7294744,2.5,,
420,EK,556,8,8 months,het,atg,ATG +/- ,,,,,,,For Joanna autophagy,ek_phantom_150719_12pm,7.7294744,2.5,,
421,EK,557,8,8 months,het,atg,ATG +/- ,,,,,,,For Joanna autophagy,ek_phantom_150719_12pm,7.7294744,2.5,,
422,EK,558,8,8 months,het,atg,ATG +/- ,,,,,,,For Joanna autophagy,ek_phantom_150719_12pm,7.7294744,2.5,,
423,EK,559,12,1 year,injected,ctsk,ctsk injected,"(1999, 684, 684)",935244144,0.020006239655147,0.020006239655147,0.020006239655147,559_566,For OA paper ,LONDON AB,LONDON AB,LONDON AB,292,
424,EK,560,12,1 year,injected,ctsk,ctsk injected,"(2000, 620, 620)",768800000,0.020006239655147,0.020006239655147,0.020006239655147,,For OA paper ,LONDON AB,LONDON AB,LONDON AB,138,
425,EK,561,12,1 year,injected,ctsk,ctsk injected,"(2000, 600, 600)",720000000,0.020006239655147,0.020006239655147,0.020006239655147,,For OA paper ,LONDON AB,LONDON AB,LONDON AB,240,
426,EK,562,12,1 year,injected,ctsk,ctsk injected,"(2000, 620, 620)",768800000,0.020006239655147,0.020006239655147,0.020006239655147,,For OA paper ,LONDON AB,LONDON AB,LONDON AB,319,
427,EK,563,12,1 year,injected,ctsk,ctsk injected,"(2000, 664, 664)",881792000,0.020006239655147,0.020006239655147,0.020006239655147,,For OA paper ,LONDON AB,LONDON AB,LONDON AB,219,
428,EK,564,12,1 year,injected,ctsk,ctsk injected,"(2000, 600, 600)",720000000,0.020006239655147,0.020006239655147,0.020006239655147,,For OA paper ,LONDON AB,LONDON AB,LONDON AB,157,
429,EK,565,12,1 year,injected,ctsk,ctsk injected,"(2000, 620, 620)",768800000,0.020006239655147,0.020006239655147,0.020006239655147,,For OA paper ,LONDON AB,LONDON AB,LONDON AB,19,
430,EK,566,12,1 year,injected,ctsk,ctsk injected,"(2000, 630, 630)",793800000,0.020006239655147,0.020006239655147,0.020006239655147,,For OA paper ,LONDON AB,LONDON AB,LONDON AB,15,
431,EK,567,30,2.5 year,hom,spp1,spp1 -/- #1,"(2000, 670, 656)",879040000,0.021009381812863,0.021009381812863,0.021009381812863,567_573 scanned with phantom where is the tiff? ,Beck's,LONDON AB,LONDON AB,LONDON AB,38,
432,EK,568,30,2.5 year,hom,spp1,spp1 -/- #1,"(2000, 670, 670)",897800000,0.021009381812863,0.021009381812863,0.021009381812863,,Beck's,LONDON AB,LONDON AB,LONDON AB,7,
433,EK,569,30,2.5 year,hom,spp1,spp1 -/- #1,"(2000, 600, 600)",720000000,0.021009381812863,0.021009381812863,0.021009381812863,,Beck's,LONDON AB,LONDON AB,LONDON AB,270,
434,EK,570,30,2.5 year,hom,spp1,spp1 -/- #1,"(2000, 614, 614)",753992000,0.021009381812863,0.021009381812863,0.021009381812863,,Beck's,LONDON AB,LONDON AB,LONDON AB,297,
435,EK,571,12,1 year,hom,spp1,spp1 -/- #4,"(2000, 680, 680)",924800000,0.021009381812863,0.021009381812863,0.021009381812863,,Beck's,LONDON AB,LONDON AB,LONDON AB,178,
436,EK,572,12,1 year,hom,spp1,spp1 -/- #4,"(2000, 680, 680)",924800000,0.021009381812863,0.021009381812863,0.021009381812863,,Beck's,LONDON AB,LONDON AB,LONDON AB,0,
437,EK,573,12,1 year,hom,spp1,spp1 -/- #4,"(2000, 680, 680)",924800000,0.021009381812863,0.021009381812863,0.021009381812863,,Beck's,LONDON AB,LONDON AB,LONDON AB,165,
438,EK,574,12,1 year,wt,wt,wt #5,"(2000, 650, 650)",845000000,0.021009381812863,0.021009381812863,0.021009381812863,574_581 ,Beck's,LONDON AB,LONDON AB,LONDON AB,166,
439,EK,575,12,1 year,wt,wt,wt #5,"(2000, 640, 640)",819200000,0.021009381812863,0.021009381812863,0.021009381812863,,Beck's,LONDON AB,LONDON AB,LONDON AB,192,
440,EK,576,12,1 year,wt,wt,wt #5,"(2000, 664, 664)",881792000,0.021009381812863,0.021009381812863,0.021009381812863,,Beck's,LONDON AB,LONDON AB,LONDON AB,175,
441,EK,577,24,2 year ,wt,wt,wt #3,"(2000, 720, 720)",1036800000,0.021009381812863,0.021009381812863,0.021009381812863,,Beck's,LONDON AB,LONDON AB,LONDON AB,322,
442,EK,578,24,2 year ,wt,wt,wt #3,"(2000, 640, 640)",819200000,0.021009381812863,0.021009381812863,0.021009381812863,,Beck's,LONDON AB,LONDON AB,LONDON AB,341,
443,EK,579,24,2 year ,wt,wt,wt #3,"(2000, 654, 654)",855432000,0.021009381812863,0.021009381812863,0.021009381812863,,Beck's,LONDON AB,LONDON AB,LONDON AB,95,
444,EK,580,30,2.5 year,hom,spp1,spp1 -/- #2,"(2000, 654, 654)",855432000,0.021009381812863,0.021009381812863,0.021009381812863,,Beck's,LONDON AB,LONDON AB,LONDON AB,58,
445,EK,581,30,2.5 year,hom,spp1,spp1 -/- #2,"(2000, 650, 650)",845000000,0.021009381812863,0.021009381812863,0.021009381812863,,Beck's,LONDON AB,LONDON AB,LONDON AB,163,
446,EK,582,12,1 year,hom,col11a2,Col11a2 -/-,"(2000, 594, 580)",689040000,0.021009381812863,0.021009381812863,0.021009381812863,582_589 ,OA Paper,LONDON AB,LONDON AB,LONDON AB,160,
447,EK,583,12,1 year,hom,col11a2,Col11a2 -/-,"(2000, 630, 630)",793800000,0.021009381812863,0.021009381812863,0.021009381812863,,OA Paper,LONDON AB,LONDON AB,LONDON AB,198,
448,EK,584,12,1 year,hom,col11a2,Col11a2 -/-,"(2000, 600, 600)",720000000,0.021009381812863,0.021009381812863,0.021009381812863,,OA Paper,LONDON AB,LONDON AB,LONDON AB,186,
449,EK,585,12,1 year,hom,col11a2,Col11a2 -/-,"(2000, 584, 584)",682112000,0.021009381812863,0.021009381812863,0.021009381812863,,OA Paper,LONDON AB,LONDON AB,LONDON AB,281,
450,EK,586,12,1 year,hom,col11a2,Col11a2 -/-,"(2000, 620, 620)",768800000,0.021009381812863,0.021009381812863,0.021009381812863,,OA Paper,LONDON AB,LONDON AB,LONDON AB,349,
451,EK,587,12,1 year,hom,col11a2,Col11a2 -/-,"(2000, 600, 600)",720000000,0.021009381812863,0.021009381812863,0.021009381812863,,OA Paper,LONDON AB,LONDON AB,LONDON AB,318,
452,EK,588,12,1 year,hom,col11a2,Col11a2 -/-,"(2000, 630, 630)",793800000,0.021009381812863,0.021009381812863,0.021009381812863,,OA Paper,LONDON AB,LONDON AB,LONDON AB,234,
453,EK,589,12,1 year,hom,col11a2,Col11a2 -/-,"(2000, 614, 614)",753992000,0.021009381812863,0.021009381812863,0.021009381812863,,OA Paper,LONDON AB,LONDON AB,LONDON AB,190,
454,EK,590,24,2 year ,hom,il10,IL10 -/-,"(2000, 614, 614)",753992000,0.021009381812863,0.021009381812863,0.021009381812863,590_595 with phantom,this data was repeated in lower res with phantom. Use higher res for bmd,LONDON AB,LONDON AB,LONDON AB,255,
455,EK,591,24,2 year ,hom,il10,IL10 -/-,"(2000, 634, 634)",803912000,0.021009381812863,0.021009381812863,0.021009381812863,,EK Spine,LONDON AB,LONDON AB,LONDON AB,278,
456,EK,592,24,2 year ,hom,il10,IL10 -/-,"(2000, 614, 614)",753992000,0.021009381812863,0.021009381812863,0.021009381812863,,EK Spine,LONDON AB,LONDON AB,LONDON AB,193,
457,EK,593,24,2 year ,hom,il10,IL10 -/-,"(2000, 604, 604)",729632000,0.021009381812863,0.021009381812863,0.021009381812863,,EK Spine,LONDON AB,LONDON AB,LONDON AB,143,
458,EK,594,24,2 year ,hom,il10,IL10 -/-,"(2000, 620, 620)",768800000,0.021009381812863,0.021009381812863,0.021009381812863,,EK Spine,LONDON AB,LONDON AB,LONDON AB,83,
459,EK,595,24,2 year ,hom,il10,IL10 -/-,"(2000, 600, 600)",720000000,0.021009381812863,0.021009381812863,0.021009381812863,,EK Spine,LONDON AB,LONDON AB,LONDON AB,266,
460,EK,596,24,2 year ,hom,il1b,IL1b -/-,"(2000, 654, 654)",855432000,0.020056168730695,0.020056168730695,0.020056168730695,596_600 with phantom,EK Spine,LONDON AB,LONDON AB,LONDON AB,171,
461,EK,597,24,2 year ,hom,il1b,IL1b -/-,"(2000, 654, 654)",855432000,0.020056168730695,0.020056168730695,0.020056168730695,,EK Spine,LONDON AB,LONDON AB,LONDON AB,18,
462,EK,598,24,2 year ,hom,il1b,IL1b -/-,"(2000, 684, 684)",935712000,0.020056168730695,0.020056168730695,0.020056168730695,,EK Spine,LONDON AB,LONDON AB,LONDON AB,158,
463,EK,599,24,2 year ,hom,il1b,IL1b -/-,"(2000, 640, 640)",819200000,0.020056168730695,0.020056168730695,0.020056168730695,,EK Spine,LONDON AB,LONDON AB,LONDON AB,358,
464,EK,600,24,2 year ,hom,il1b,IL1b -/-,"(2000, 614, 614)",753992000,0.020056168730695,0.020056168730695,0.020056168730695,,EK Spine,LONDON AB,LONDON AB,LONDON AB,68,
465,EK,601,3,3 months ,injected,pleca,PlecA inj,,,,,,high res only ,EK head,,,,,
466,EK,602,3,3 months ,injected,pleca,PlecA inj,,,,,,high res only ,EK head,,,,,
467,EK,603,3,3 months ,injected,pleca,PlecA inj,,,,,,high res only ,EK head,,,,,
468,EK,604,3,3 months ,injected,pleca,PlecA inj,,,,,,high res only ,EK head,,,,,
469,EK,605,3,3 months ,injected,pleca,PlecA inj,,,,,,high res only ,EK head,,,,,
470,EK,606,3,3 months ,injected,pleca,PlecA inj,,,,,,high res only ,EK head,,,,,
471,EK,607,3,3 months ,injected,pleca,PlecA inj,,,,,,high res only ,EK head,,,,,
472,EK,608,3,3 months ,injected,matrilin a,Matrilin A inj ,,,,,,high res only ,EK head,,,,,
473,EK,609,3,3 months ,injected,matrilin a,Matrilin A inj ,,,,,,high res only ,EK head,,,,,
474,EK,610,3,3 months ,injected,matrilin a,Matrilin A inj ,,,,,,high res only ,EK head,,,,,
475,EK,611,3,3 months ,injected,matrilin a,Matrilin A inj ,,,,,,high res only ,EK head,,,,,
476,EK,612,3,3 months ,injected,matrilin a,Matrilin A inj ,,,,,,high res only ,,,,,,
477,EK,613,3,3 months ,injected,vdra,VDRA inj,,,,,,high res only ,,,,,,
478,EK,614,3,3 months ,injected,vdra,VDRA inj,,,,,,high res only ,,,,,,
479,EK,615,3,3 months ,injected,vdra,VDRA inj,,,,,,high res only ,,,,,,
480,EK,616,3,3 months ,injected,vdra,VDRA inj,,,,,,high res only ,,,,,,
481,EK,617,3,3 months ,injected,pleca,PlecA inj,,,,,,high res only ,,,,,,
482,EK,618,3,3 months ,injected,pleca,PlecA inj,,,,,,high res only ,,,,,,
483,EK,619,3,3 months ,injected,pleca,PlecA inj,,,,,,high res only ,,,,,,
484,EK,620,3,3 months ,injected,pleca,PlecA inj,,,,,,high res only ,,,,,,
485,EK,621,3,3 months ,injected,matrilin3 a,Matrilin3 A inj ,,,,,,high res only ,,scanned with phantom,0.750605,2.5,,
486,EK,622,10,10 months,het,irf6,irf6 +/-,"(2000, 650, 650)",845000000,0.020058142320549,0.020058142320549,0.020058142320549,low res scanned with.  Phantom at first. Position,EK_622_627,LONDON AB,LONDON AB,LONDON AB,206,
487,EK,623,10,10 months,het,irf6,irf6 +/-,"(2000, 620, 620)",768800000,0.020058142320549,0.020058142320549,0.020058142320549,low res scanned with.  Phantom at first. Position,,LONDON AB,LONDON AB,LONDON AB,144,
488,EK,624,10,10 months,het,irf6,irf6 +/-,"(2000, 584, 584)",682112000,0.020058142320549,0.020058142320549,0.020058142320549,low res scanned with.  Phantom at first. Position,,LONDON AB,LONDON AB,LONDON AB,266,
489,EK,625,10,10 months,het,irf6,irf6 +/-,"(2000, 630, 630)",793800000,0.020058142320549,0.020058142320549,0.020058142320549,low res scanned with.  Phantom at first. Position,,LONDON AB,LONDON AB,LONDON AB,241,
490,EK,626,10,10 months,het,irf6,irf6 +/-,"(2000, 630, 630)",793800000,0.020058142320549,0.020058142320549,0.020058142320549,low res scanned with.  Phantom at first. Position,,LONDON AB,LONDON AB,LONDON AB,33,
491,EK,627,10,10 months,het,irf6,irf6 +/-,"(2000, 600, 600)",720000000,0.020058142320549,0.020058142320549,0.020058142320549,low res scanned with.  Phantom at first. Position,,LONDON AB,LONDON AB,LONDON AB,341,
492,EK,628,10,10 months,het,irf6,irf6 +/-,"(2000, 610, 610)",744200000,0.020058142320549,0.020058142320549,0.020058142320549,low res scanned with.  Phantom at first. Position,"EK_628_634 named wrong!, 634 is not included. ",LONDON AB,LONDON AB,LONDON AB,323,
493,EK,629,10,10 months,het,irf6,irf6 +/-,"(2000, 624, 624)",778752000,0.020058142320549,0.020058142320549,0.020058142320549,low res scanned with.  Phantom at first. Position,,LONDON AB,LONDON AB,LONDON AB,218,
494,EK,630,10,10 months,het,irf6,irf6 +/-,"(2000, 554, 554)",613832000,0.020058142320549,0.020058142320549,0.020058142320549,low res scanned with.  Phantom at first. Position,,LONDON AB,LONDON AB,LONDON AB,146,
495,EK,631,10,10 months,het,irf6,irf6 +/-,"(2000, 604, 604)",729632000,0.020058142320549,0.020058142320549,0.020058142320549,low res scanned with.  Phantom at first. Position,,LONDON AB,LONDON AB,LONDON AB,319,
496,EK,632,10,10 months,het,irf6,irf6 +/-,"(2000, 620, 620)",768800000,0.020058142320549,0.020058142320549,0.020058142320549,low res scanned with.  Phantom at first. Position,,LONDON AB,LONDON AB,LONDON AB,323,
497,EK,633,10,10 months,het,irf6,irf6 +/-,"(2000, 620, 620)",768800000,0.020058142320549,0.020058142320549,0.020058142320549,low res scanned with.  Phantom at first. Position,,LONDON AB,LONDON AB,LONDON AB,224,
498,EK,634,10,10 months,het,irf6,irf6 +/-,"(2000, 620, 620)",768800000,0.020058142320549,0.020058142320549,0.020058142320549,low res scanned with.  Phantom at first. Position,EK_634_639,LONDON AB,LONDON AB,LONDON AB,184,
499,EK,635,10,10 months,het,irf6,irf6 +/-,"(2000, 620, 620)",768800000,0.020058142320549,0.020058142320549,0.020058142320549,low res scanned with.  Phantom at first. Position,,LONDON AB,LONDON AB,LONDON AB,139,
500,EK,636,10,10 months,het,irf6,irf6 +/-,"(2000, 614, 614)",753992000,0.020058142320549,0.020058142320549,0.020058142320549,low res scanned with.  Phantom at first. Position,,LONDON AB,LONDON AB,LONDON AB,129,
501,EK,637,10,10 months,het,irf6,irf6 +/-,"(2000, 634, 634)",803912000,0.020058142320549,0.020058142320549,0.020058142320549,low res scanned with.  Phantom at first. Position,,LONDON AB,LONDON AB,LONDON AB,257,
502,EK,638,10,10 months,het,irf6,irf6 +/-,"(2000, 640, 640)",819200000,0.020058142320549,0.020058142320549,0.020058142320549,low res scanned with.  Phantom at first. Position,,LONDON AB,LONDON AB,LONDON AB,341,
503,EK,639,10,10 months,het,irf6,irf6 +/-,,,,,,low res scanned with.  Phantom at first. Position,,scanned with phantom,0.750605,2.5,,
