n,ak_n,Dataset,old_n,age,age(old),genotype,strain,name,shape,size,VoxelSizeX,VoxelSizeY,VoxelSizeZ,re-uCT scan,Comments,Phantom,Scaling Value,Arb Value,angle,center,length
1,1,EK,40,24,2 year,wt,wt,fli:gfp,"(2000, 640, 640)",819200000,0.020081640692724,0.020081640692724,0.020081640692724,,,LONDON AB,LONDON AB,LONDON AB,185,,31.4407227663323
2,2,EK,41,24,2 year,wt,wt,fli:gfp,"(2000, 644, 644)",829472000,0.020081640692724,0.020081640692724,0.020081640692724,,,LONDON AB,LONDON AB,LONDON AB,47,,28.5775511068283
3,3,EK,42,24,2 year,wt,wt,fli:gfp,"(2000, 634, 634)",803912000,0.020081640692724,0.020081640692724,0.020081640692724,,,LONDON AB,LONDON AB,LONDON AB,262,,30.9613012472581
4,4,EK,43,24,2 year,wt,wt,fli:gfp,"(2000, 620, 620)",768800000,0.020081640692724,0.020081640692724,0.020081640692724,,,LONDON AB,LONDON AB,LONDON AB,238,,27.9774972340993
5,5,EK,44,24,2 year,wt,wt,wt,"(2000, 596, 634)",755728000,0.020081640692724,0.020081640692724,0.020081640692724,,,LONDON AB,LONDON AB,LONDON AB,329,,32.0875487686699
6,6,EK,45,24,2 year,wt,wt,wt,"(2000, 634, 634)",803912000,0.020081640692724,0.020081640692724,0.020081640692724,,,LONDON AB,LONDON AB,LONDON AB,15,,28.7910536334957
7,7,EK,46,24,2 year,wt,wt,wt,"(2000, 614, 614)",753992000,0.020081640692724,0.020081640692724,0.020081640692724,,,LONDON AB,LONDON AB,LONDON AB,34,,30.2650458308967
8,8,EK,47,24,2 year,wt,wt,wt,"(1999, 630, 630)",793403100,0.02061989535007,0.02061989535007,0.02061989535007,,,LONDON AB,LONDON AB,LONDON AB,283,,30.5111704736751
9,9,EK,48,24,2 year,wt,wt,wt,"(1999, 624, 624)",778362624,0.02061989535007,0.02061989535007,0.02061989535007,,,LONDON AB,LONDON AB,LONDON AB,113,,26.4449548645487
10,10,EK,49,24,2 year,wt,wt,wt,"(1999, 634, 634)",803510044,0.02061989535007,0.02061989535007,0.02061989535007,,,LONDON AB,LONDON AB,LONDON AB,252,,32.5874379617013
11,11,EK,50,24,2 year,wt,wt,wt,"(1999, 640, 640)",818790400,0.02061989535007,0.02061989535007,0.02061989535007,,shg+histology,LONDON AB,LONDON AB,LONDON AB,251,,27.7492560348877
12,12,EK,51,24,2 year,wt,wt,wt,"(1999, 630, 630)",793403100,0.02061989535007,0.02061989535007,0.02061989535007,,shg+histology,LONDON AB,LONDON AB,LONDON AB,76,,34.1853888596659
13,13,EK,52,24,2 year,wt,wt,wt,"(1999, 670, 670)",897351100,0.02061989535007,0.02061989535007,0.02061989535007,,shg+histology,LONDON AB,LONDON AB,LONDON AB,104,,32.0169919980483
14,14,EK,53,24,2 year,wt,wt,wt,"(1999, 670, 670)",897351100,0.02061989535007,0.02061989535007,0.02061989535007,,,LONDON AB,LONDON AB,LONDON AB,179,,28.2876542663192
15,15,EK,54,18,1.5 year,wt,wt,wnt11:cfp,"(1972, 624, 624)",767849472,0.02061989535007,0.02061989535007,0.02061989535007,,,LONDON AB,LONDON AB,LONDON AB,70,,30.7152601290146
16,16,EK,55,18,1.5 year,wt,wt,wnt11:cfp,"(1972, 604, 604)",719417152,0.02061989535007,0.02061989535007,0.02061989535007,,,LONDON AB,LONDON AB,LONDON AB,296,,28.4207035580057
17,17,EK,56,18,1.5 year,wt,wt,wnt11:cfp,"(1972, 630, 630)",782686800,0.02061989535007,0.02061989535007,0.02061989535007,,Loading rig Elis no deffect,LONDON AB,LONDON AB,LONDON AB,164,,30.646887078006
18,18,EK,57,18,1.5 year,wt,wt,wnt11:cfp,"(1972, 610, 610)",733781200,0.02061989535007,0.02061989535007,0.02061989535007,,loading rig Elis deffect,LONDON AB,LONDON AB,LONDON AB,53,,30.1886228967454
19,19,EK,58,18,1.5 year,wt,wt,wnt11:cfp,"(1972, 620, 580)",709131200,0.02061989535007,0.02061989535007,0.02061989535007,,5um resolution for comparison,LONDON AB,LONDON AB,LONDON AB,96,,27.5186851975003
20,20,EK,59,18,1.5 year,wt,wt,wnt11:cfp,"(1972, 610, 610)",733781200,0.02061989535007,0.02061989535007,0.02061989535007,,,LONDON AB,LONDON AB,LONDON AB,302,,30.1925708422152
21,21,EK,60,18,1.5 year,wt,wt,wnt11:cfp,"(1972, 614, 614)",743436112,0.02061989535007,0.02061989535007,0.02061989535007,,,LONDON AB,LONDON AB,LONDON AB,341,,28.2214987579556
22,22,EK,61,18,1.5 year,wt,wt,wnt11:cfp,"(1999, 634, 634)",803510044,0.02061989535007,0.02061989535007,0.02061989535007,,,LONDON AB,LONDON AB,LONDON AB,273,,28.1928192170643
23,23,EK,62,18,1.5 year,wt,wt,wnt11:cfp,"(1999, 644, 644)",829057264,0.02061989535007,0.02061989535007,0.02061989535007,,,LONDON AB,LONDON AB,LONDON AB,87,,28.4516353676298
24,24,EK,63,18,1.5 year,het,barx1,barx1 +/-,"(1999, 640, 640)",818790400,0.02061989535007,0.02061989535007,0.02061989535007,,,LONDON AB,LONDON AB,LONDON AB,353,,28.2130128083225
25,25,EK,64,18,1.5 year,het,barx1,barx1 +/-,"(1999, 634, 558)",707190228,0.02061989535007,0.02061989535007,0.02061989535007,,,LONDON AB,LONDON AB,LONDON AB,204,,29.336212810139
26,26,EK,65,18,1.5 year,het,barx1,barx1 +/-,"(1999, 630, 630)",793403100,0.02061989535007,0.02061989535007,0.02061989535007,,,LONDON AB,LONDON AB,LONDON AB,300,,30.1273431733237
27,27,EK,66,18,1.5 year,het,barx1,barx1 +/-,"(1999, 600, 600)",719640000,0.02061989535007,0.02061989535007,0.02061989535007,,,LONDON AB,LONDON AB,LONDON AB,67,,26.9030499771707
28,28,EK,67,24,2 YEAR,wt,wt,barx1 sibs,"(1999, 650, 650)",844577500,0.02061989535007,0.02061989535007,0.02061989535007,,,LONDON AB,LONDON AB,LONDON AB,222,,32.1097969131115
29,29,EK,68,12,1 year,wt,wt,barx1 sibs,"(1999, 610, 610)",743827900,0.02061989535007,0.02061989535007,0.02061989535007,,,LONDON AB,LONDON AB,LONDON AB,0,,30.0925029205306
30,30,EK,69,12,1 year,wt,wt,barx1 sibs,"(1999, 594, 594)",705319164,0.02061989535007,0.02061989535007,0.02061989535007,,,LONDON AB,LONDON AB,LONDON AB,241,,25.4477126362939
31,31,EK,70,12,1 year,wt,wt,barx1 sibs,"(1999, 590, 590)",695851900,0.02061989535007,0.02061989535007,0.02061989535007,,,LONDON AB,LONDON AB,LONDON AB,169,,28.6051693287417
32,32,EK,71,12,1 year,wt,wt,wt,"(1999, 610, 610)",743827900,0.02061989535007,0.02061989535007,0.02061989535007,,,LONDON AB,LONDON AB,LONDON AB,169,,29.4320371808445
33,33,EK,72,12,1 year,wt,wt,wt,"(1999, 580, 584)",677101280,0.02061989535007,0.02061989535007,0.02061989535007,,,LONDON AB,LONDON AB,LONDON AB,128,,28.1519718881401
34,34,EK,73,12,1 year,wt,wt,wt,"(1999, 590, 590)",695851900,0.02061989535007,0.02061989535007,0.02061989535007,,,LONDON AB,LONDON AB,LONDON AB,351,,26.9220788923741
35,35,EK,74,12,1 year,wt,wt,wt,"(1999, 590, 590)",695851900,0.02061989535007,0.02061989535007,0.02061989535007,,,LONDON AB,LONDON AB,LONDON AB,214,,27.9933636381205
36,36,EK,75,7,7 months,wt,wt,col2:mcherry,"(2000, 644, 644)",829472000,0.020098081852814,0.020098081852814,0.020098081852814,,,LONDON AB,LONDON AB,LONDON AB,163,,28.9780558372845
37,37,EK,76,7,7 months,wt,wt,col2:mcherry,"(2000, 634, 634)",803912000,0.020098081852814,0.020098081852814,0.020098081852814,,,LONDON AB,LONDON AB,LONDON AB,224,,26.2870213983987
38,38,EK,77,7,7 months,wt,wt,col2:mcherry,"(2000, 624, 624)",778752000,0.020098081852814,0.020098081852814,0.020098081852814,,,LONDON AB,LONDON AB,LONDON AB,128,,27.483998961399
39,39,EK,78,7,7 months,wt,wt,col2:mcherry,"(2000, 634, 634)",803912000,0.020098081852814,0.020098081852814,0.020098081852814,,,LONDON AB,LONDON AB,LONDON AB,347,,24.9623451098565
40,40,EK,79,7,7 months,wt,wt,col2:mcherry,"(2000, 584, 584)",682112000,0.020098081852814,0.020098081852814,0.020098081852814,,,LONDON AB,LONDON AB,LONDON AB,175,,24.7235567212905
41,41,EK,80,7,7 months,wt,wt,col2:mcherry,"(2000, 600, 600)",720000000,0.020098081852814,0.020098081852814,0.020098081852814,,,LONDON AB,LONDON AB,LONDON AB,206,,27.4846346312665
42,42,EK,81,7,7 months,wt,wt,col2:mcherry,"(2000, 634, 634)",803912000,0.020098081852814,0.020098081852814,0.020098081852814,,,LONDON AB,LONDON AB,LONDON AB,68,,24.4749457585791
43,43,EK,82,30,2.5 year,wt,wt,fli:gfp,"(2000, 600, 600)",720000000,0.020098081852814,0.020098081852814,0.020098081852814,,,LONDON AB,LONDON AB,LONDON AB,321,,28.9301592086877
44,44,EK,83,30,2.5 year,wt,wt,fli:gfp,"(2000, 604, 604)",729632000,0.020098081852814,0.020098081852814,0.020098081852814,,,LONDON AB,LONDON AB,LONDON AB,225,,26.1577614161246
45,45,EK,84,30,2.5 year,wt,wt,COL10 BAC:YFP,"(2000, 610, 610)",744200000,0.020098081852814,0.020098081852814,0.020098081852814,,,LONDON AB,LONDON AB,LONDON AB,202,,25.6261223044023
46,46,EK,85,30,2.5 year,wt,wt,COL10 BAC:YFP,"(2000, 620, 620)",768800000,0.020098081852814,0.020098081852814,0.020098081852814,,,LONDON AB,LONDON AB,LONDON AB,130,,29.6597582309826
47,47,EK,86,30,2.5 year,wt,wt,COL10 BAC:YFP,"(2000, 614, 614)",753992000,0.020098081852814,0.020098081852814,0.020098081852814,,,LONDON AB,LONDON AB,LONDON AB,191,,27.3373312258028
48,48,EK,87,24,2 year,wt,wt,LONDON AB,"(2000, 630, 630)",793800000,0.020098081852814,0.020098081852814,0.020098081852814,,,LONDON AB,LONDON AB,LONDON AB,98,,28.2963949294732
49,49,EK,88,24,2 year,wt,wt,LONDON AB,"(2000, 604, 604)",729632000,0.020098081852814,0.020098081852814,0.020098081852814,,,LONDON AB,LONDON AB,LONDON AB,84,,28.5488255670903
50,50,EK,89,4,4 Months,wt,wt,col2:mcherry,"(2000, 610, 610)",744200000,0.020098080885295,0.020098080885295,0.020098080885295,,,LONDON AB,LONDON AB,LONDON AB,36,,21.4299154629795
51,51,EK,90,4,4 Months,wt,wt,col2:mcherry,"(2000, 664, 664)",881792000,0.020098080885295,0.020098080885295,0.020098080885295,,,LONDON AB,LONDON AB,LONDON AB,59,,19.9712054599896
52,52,EK,91,4,4 Months,wt,wt,col2:mcherry,"(2000, 554, 554)",613832000,0.020098080885295,0.020098080885295,0.020098080885295,,,LONDON AB,LONDON AB,LONDON AB,12,,20.9654736671459
53,53,EK,92,4,4 Months,wt,wt,col2:mcherry,"(2000, 520, 520)",540800000,0.020098080885295,0.020098080885295,0.020098080885295,,,LONDON AB,LONDON AB,LONDON AB,33,,17.1623050760287
54,54,EK,93,4,4 Months,wt,wt,col2:mcherry,"(2000, 624, 624)",778752000,0.020098080885295,0.020098080885295,0.020098080885295,,,LONDON AB,LONDON AB,LONDON AB,171,,20.6015070190061
55,55,EK,94,4,4 Months,wt,wt,col2:mcherry,"(2000, 594, 594)",705672000,0.020098080885295,0.020098080885295,0.020098080885295,,,LONDON AB,LONDON AB,LONDON AB,72,,19.9354427849332
56,56,EK,95,4,4 Months,wt,wt,col2:mcherry,"(2000, 600, 600)",720000000,0.020098080885295,0.020098080885295,0.020098080885295,,,LONDON AB,LONDON AB,LONDON AB,171,,17.8852100500888
57,57,EK,96,30,2.5 year,wt,wt,LONDON AB,"(2000, 604, 604)",729632000,0.020452327953704,0.020452327953704,0.020452327953704,,,LONDON AB,LONDON AB,LONDON AB,174,,26.3118933136384
58,58,EK,97,30,2.5 year,wt,wt,LONDON AB,"(2000, 580, 580)",672800000,0.020452327953704,0.020452327953704,0.020452327953704,,,LONDON AB,LONDON AB,LONDON AB,134,,24.1571123618801
59,59,EK,98,30,2.5 year,wt,wt,LONDON AB,"(2000, 604, 604)",729632000,0.020452327953704,0.020452327953704,0.020452327953704,,,LONDON AB,LONDON AB,LONDON AB,62,,29.7307841616978
60,60,EK,99,30,2.5 year,wt,wt,LONDON AB,"(2000, 584, 584)",682112000,0.020452327953704,0.020452327953704,0.020452327953704,,,LONDON AB,LONDON AB,LONDON AB,326,,29.2032523175971
61,61,EK,100,30,2.5 year,wt,wt,LONDON AB,"(2000, 590, 590)",696200000,0.020452327953704,0.020452327953704,0.020452327953704,,,LONDON AB,LONDON AB,LONDON AB,127,,30.6211775699501
62,62,EK,101,30,2.5 year,wt,wt,LONDON AB,"(2000, 580, 580)",672800000,0.020452327953704,0.020452327953704,0.020452327953704,,,LONDON AB,LONDON AB,LONDON AB,189,,30.6268399599549
63,63,EK,102,12,1 year,wt,wt,ENTPD5:KAEDA,"(2000, 580, 580)",672800000,0.020452327953704,0.020452327953704,0.020452327953704,,,LONDON AB,LONDON AB,LONDON AB,132,,32.4266518151409
64,65,EK,200,12,1 year,wt,wt,UAS:kaeda,"(2000, 604, 604)",729632000,0.021003189961379,0.021003189961379,0.021003189961379,* (200_207),"8 fish per scan. Fixed in 4% PFA, Dehydrated to 70% ethanol, wrapped in wet paper and parafilm. Fish in first position has a plastic cap.  * first position . palaeo folder",LONDON AB,LONDON AB,LONDON AB,94,,25.7658308382448
65,66,EK,201,12,1 year,wt,wt,UAS:kaeda,"(2000, 630, 630)",793800000,0.021003189961379,0.021003189961379,0.021003189961379,,synchroton,LONDON AB,LONDON AB,LONDON AB,134,,25.289539250894
66,67,EK,202,12,1 year,wt,wt,UAS:kaeda,"(2000, 620, 620)",768800000,0.021003189961379,0.021003189961379,0.021003189961379,,synchroton,LONDON AB,LONDON AB,LONDON AB,327,,26.7899578321074
67,68,EK,203,12,1 year,wt,wt,UAS:kaeda,"(2000, 604, 604)",729632000,0.021003189961379,0.021003189961379,0.021003189961379,,synchroton,LONDON AB,LONDON AB,LONDON AB,119,,25.9877180881997
68,69,EK,204,12,1 year,wt,wt,UAS:kaeda,"(2000, 614, 614)",753992000,0.021003189961379,0.021003189961379,0.021003189961379,,,LONDON AB,LONDON AB,LONDON AB,162,,27.5230363107927
69,70,EK,205,12,1 year,wt,wt,UAS:kaeda,"(2000, 600, 600)",720000000,0.021003189961379,0.021003189961379,0.021003189961379,,,LONDON AB,LONDON AB,LONDON AB,126,,26.3038394865815
70,71,EK,206,12,1 year,wt,wt,UAS:kaeda,"(2000, 620, 620)",768800000,0.021003189961379,0.021003189961379,0.021003189961379,,,LONDON AB,LONDON AB,LONDON AB,305,,26.9879289117983
71,72,EK,207,12,1 year,wt,wt,UAS:kaeda,"(2000, 600, 600)",720000000,0.021003189961379,0.021003189961379,0.021003189961379,* (208_215),,LONDON AB,LONDON AB,LONDON AB,163,,27.7730832253948
72,81,EK,216,12,1 year,wt,wt,UAS:kaeda,"(2000, 594, 594)",705672000,0.021556144970982,0.021556144970982,0.021556144970982,* (216_223),,LONDON AB,LONDON AB,LONDON AB,204,,30.1419776454036
73,82,EK,217,12,1 year,wt,wt,UAS:kaeda,"(2000, 560, 560)",627200000,0.021556144970982,0.021556144970982,0.021556144970982,,,LONDON AB,LONDON AB,LONDON AB,55,,32.6965903666643
74,83,EK,218,12,1 year,wt,wt,UAS:kaeda,"(2000, 590, 590)",696200000,0.021556144970982,0.021556144970982,0.021556144970982,,,LONDON AB,LONDON AB,LONDON AB,293,,33.8163448247692
75,84,EK,219,12,1 year,wt,wt,UAS:kaeda,"(2000, 580, 580)",672800000,0.021556144970982,0.021556144970982,0.021556144970982,,,LONDON AB,LONDON AB,LONDON AB,118,,32.0735178042132
76,85,EK,220,12,1 year,wt,wt,UAS:kaeda,"(2000, 554, 554)",613832000,0.021556144970982,0.021556144970982,0.021556144970982,,,LONDON AB,LONDON AB,LONDON AB,113,,27.2351599293942
77,86,EK,221,30,2.5 year,wt,wt,UAS:kaeda,"(2000, 580, 580)",672800000,0.021556144970982,0.021556144970982,0.021556144970982,,,LONDON AB,LONDON AB,LONDON AB,114,,26.5807899947273
78,87,EK,222,30,2.5 year,wt,wt,UAS:kaeda,"(2000, 600, 600)",720000000,0.021556144970982,0.021556144970982,0.021556144970982,,,LONDON AB,LONDON AB,LONDON AB,200,,26.3718381309188
79,88,EK,223,30,2.5 year,wt,wt,UAS:kaeda,"(2000, 580, 580)",672800000,0.021556144970982,0.021556144970982,0.021556144970982,,,LONDON AB,LONDON AB,LONDON AB,346,,29.8694626724985
80,89,EK,224,30,2.5 year,wt,wt,UAS:kaeda,"(2000, 520, 520)",540800000,0.021556144970982,0.021556144970982,0.021556144970982,* (224_231),,LONDON AB,LONDON AB,LONDON AB,46,,32.7788681880772
81,90,EK,225,30,2.5 year,wt,wt,UAS:kaeda,"(2000, 554, 554)",613832000,0.021556144970982,0.021556144970982,0.021556144970982,,,LONDON AB,LONDON AB,LONDON AB,121,,34.9534500134742
82,91,EK,226,36,3 year,wt,wt,wnt:gfp col2a1:mch,"(2000, 534, 534)",570312000,0.021556144970982,0.021556144970982,0.021556144970982,,,LONDON AB,LONDON AB,LONDON AB,113,,30.4739410246237
83,92,EK,227,36,3 year,wt,wt,wnt:gfp col2a1:mch,"(2000, 520, 520)",540800000,0.021556144970982,0.021556144970982,0.021556144970982,,,LONDON AB,LONDON AB,LONDON AB,122,,30.078103287199
84,93,EK,228,36,3 year,wt,wt,wnt:gfp col2a1:mch,"(2000, 564, 564)",636192000,0.021556144970982,0.021556144970982,0.021556144970982,,shg+ histology,LONDON AB,LONDON AB,LONDON AB,51,,30.8014617295678
85,94,EK,229,36,3 year,wt,wt,wnt:gfp col2a1:mch,"(2000, 560, 560)",627200000,0.021556144970982,0.021556144970982,0.021556144970982,,,LONDON AB,LONDON AB,LONDON AB,96,,33.9894905453586
86,95,EK,230,36,3 year,wt,wt,wnt:gfp col2a1:mch,"(2000, 554, 554)",613832000,0.021556144970982,0.021556144970982,0.021556144970982,,,LONDON AB,LONDON AB,LONDON AB,213,,33.0183388397871
87,96,EK,231,36,3 year,wt,wt,wnt:gfp col2a1:mch,"(2000, 600, 600)",720000000,0.021556144970982,0.021556144970982,0.021556144970982,,,LONDON AB,LONDON AB,LONDON AB,83,,31.0397130735653
88,97,EK,232,36,3 year,wt,wt,wnt:gfp col2a1:mch,"(2000, 560, 560)",627200000,0.023028509505333,0.023028509505333,0.023028509505333,* (232_239),Synchroton,LONDON AB,LONDON AB,LONDON AB,222,,33.0270956193911
89,98,EK,233,36,3 year,wt,wt,wnt:gfp col2a1:mch,"(2000, 540, 540)",583200000,0.023028509505333,0.023028509505333,0.023028509505333,,Synchroton,LONDON AB,LONDON AB,LONDON AB,70,,33.2913263649253
90,99,EK,234,36,3 year,wt,wt,wnt:gfp col2a1:mch,"(2000, 510, 510)",520200000,0.023028509505333,0.023028509505333,0.023028509505333,,Synchroton,LONDON AB,LONDON AB,LONDON AB,273,,28.9331652486476
91,100,EK,235,36,3 year,wt,wt,wnt:gfp col2a1:mch,"(2000, 560, 560)",627200000,0.023028509505333,0.023028509505333,0.023028509505333,,,LONDON AB,LONDON AB,LONDON AB,194,,32.2668765754767
92,101,EK,236,36,3 year,wt,wt,wnt:gfp col2a1:mch,"(2000, 534, 534)",570312000,0.023028509505333,0.023028509505333,0.023028509505333,,,LONDON AB,LONDON AB,LONDON AB,3,,28.960593029435
93,102,EK,237,36,3 year,wt,wt,wnt:gfp col2a1:mch,"(2000, 544, 544)",591872000,0.023028509505333,0.023028509505333,0.023028509505333,,,LONDON AB,LONDON AB,LONDON AB,211,,31.2837009497846
94,103,EK,238,36,3 year,wt,wt,wnt:gfp col2a1:mch,"(2000, 544, 544)",591872000,0.023028509505333,0.023028509505333,0.023028509505333,,shg+ histology,LONDON AB,LONDON AB,LONDON AB,0,,27.0377266854455
95,104,EK,239,36,3 year,wt,wt,wnt:gfp col2a1:mch,"(2000, 550, 550)",605000000,0.023028509505333,0.023028509505333,0.023028509505333,,shg+ histology,LONDON AB,LONDON AB,LONDON AB,257,,30.1005322730005
96,105,EK,240,36,3 year,wt,wt,wnt:gfp col2a1:mch,"(2000, 560, 560)",627200000,0.023485048797047,0.023485048797047,0.023485048797047,* (240_247),shg+ histology,LONDON AB,LONDON AB,LONDON AB,52,,31.261552842298
97,106,EK,241,36,3 year,wt,wt,wnt:gfp col2a1:mch,"(2000, 550, 550)",605000000,0.023485048797047,0.023485048797047,0.023485048797047,,,LONDON AB,LONDON AB,LONDON AB,109,,30.5168218829747
98,107,EK,242,36,3 year,wt,wt,wnt:gfp col2a1:mch,"(2000, 540, 540)",583200000,0.023485048797047,0.023485048797047,0.023485048797047,,,LONDON AB,LONDON AB,LONDON AB,315,,34.8237187099224
99,108,EK,243,36,3 year,wt,wt,tg from london chrissy friend,"(2000, 550, 550)",605000000,0.023485048797047,0.023485048797047,0.023485048797047,,,LONDON AB,LONDON AB,LONDON AB,106,,35.3595577963239
100,109,EK,244,36,3 year,wt,wt,tg from london chrissy friend,"(2000, 524, 524)",549152000,0.023485048797047,0.023485048797047,0.023485048797047,,ELIS,LONDON AB,LONDON AB,LONDON AB,189,,35.4217215819017
101,110,EK,245,36,3 year,wt,wt,tg from london chrissy friend,"(2000, 570, 570)",649800000,0.023485048797047,0.023485048797047,0.023485048797047,,ELIS,LONDON AB,LONDON AB,LONDON AB,96,,30.2962478885955
102,111,EK,246,36,3 year,wt,wt,tg from london chrissy friend,"(2000, 644, 644)",829472000,0.023485048797047,0.023485048797047,0.023485048797047,,ELIS,LONDON AB,LONDON AB,LONDON AB,56,,33.1787928499077
103,112,EK,247,12,2. year,wt,wt,osx:nls-egfp,"(2000, 564, 564)",636192000,0.023485048797047,0.023485048797047,0.023485048797047,,contrast enhance for 1.5 week and not dehydrated (check for fat),LONDON AB,LONDON AB,LONDON AB,328,,29.6140566731363
104,113,EK,248,18,1.5 year,hom,arid1b,Arid1b -/- ,"(1999, 604, 526)",635090296,0.021642132034099,0.021642132034099,0.021642132034099,* (248_255),,LONDON AB,LONDON AB,LONDON AB,23,,29.3035406397499
105,114,EK,249,18,1.5 year,hom,arid1b,Arid1b -/- ,"(1999, 590, 590)",695851900,0.021642132034099,0.021642132034099,0.021642132034099,,,LONDON AB,LONDON AB,LONDON AB,109,,23.4156392100378
106,115,EK,250,18,1.5 year,hom,arid1b,Arid1b -/- ,"(1999, 634, 634)",803510044,0.021642132034099,0.021642132034099,0.021642132034099,,,LONDON AB,LONDON AB,LONDON AB,178,,26.0928604720833
107,116,EK,251,18,1.5 year,hom,arid1b,Arid1b -/- ,"(1999, 590, 590)",695851900,0.021642132034099,0.021642132034099,0.021642132034099,,,LONDON AB,LONDON AB,LONDON AB,152,,26.8951054431995
108,117,EK,252,18,1.5 year,hom,arid1b,Arid1b -/- ,"(1999, 594, 594)",705319164,0.021642132034099,0.021642132034099,0.021642132034099,,,LONDON AB,LONDON AB,LONDON AB,289,,27.8174334113978
109,118,EK,253,18,1.5 year,hom,arid1b,Arid1b -/- ,"(1999, 620, 620)",768415600,0.021642132034099,0.021642132034099,0.021642132034099,,,LONDON AB,LONDON AB,LONDON AB,292,,26.8008029280851
110,119,EK,254,18,1.5 year,hom,arid1b,Arid1b -/- ,"(1999, 590, 590)",695851900,0.021642132034099,0.021642132034099,0.021642132034099,,,LONDON AB,LONDON AB,LONDON AB,176,,27.5679091489525
111,120,EK,255,18,1.5 year,hom,arid1b,Arid1b -/- ,"(1999, 604, 604)",729267184,0.021642132034099,0.021642132034099,0.021642132034099,,,LONDON AB,LONDON AB,LONDON AB,149,,27.0070249377689
112,121,EK,256,18,1.5 year,het,col11a2,col11a2 +/-,"(1999, 520, 520)",540529600,0.021642132034099,0.021642132034099,0.021642132034099,* (256_263),HR  + contrast,LONDON AB,LONDON AB,LONDON AB,51,,30.3146731647898
113,122,EK,257,18,1.5 year,het,col11a2,col11a2 +/-,"(1999, 534, 534)",570026844,0.021642132034099,0.021642132034099,0.021642132034099,,shg+ histology,LONDON AB,LONDON AB,LONDON AB,280,,25.984332130325
114,123,EK,258,18,1.5 year,het,col11a2,col11a2 +/-,"(1999, 584, 584)",681770944,0.021642132034099,0.021642132034099,0.021642132034099,,shg+ histology,LONDON AB,LONDON AB,LONDON AB,310,,21.4666146610514
115,124,EK,259,18,1.5 year,het,col11a2,col11a2 +/-,"(1999, 590, 590)",695851900,0.021642132034099,0.021642132034099,0.021642132034099,,shg+ histology,LONDON AB,LONDON AB,LONDON AB,139,,25.9572551748402
116,125,EK,260,8,8 months,hom,panther,panther(csfr1a)j4e1 -/-,"(1999, 600, 600)",719640000,0.021642132034099,0.021642132034099,0.021642132034099,,HR head and ribs,LONDON AB,LONDON AB,LONDON AB,311,,31.5471391368767
117,126,EK,261,8,8 months,hom,panther,panther(csfr1a)j4e1 -/-,"(1999, 584, 584)",681770944,0.021642132034099,0.021642132034099,0.021642132034099,,,LONDON AB,LONDON AB,LONDON AB,105,,29.2415158931354
118,127,EK,262,8,8 months,hom,panther,panther(csfr1a)j4e1 -/-,"(1999, 594, 594)",705319164,0.021642132034099,0.021642132034099,0.021642132034099,,,LONDON AB,LONDON AB,LONDON AB,229,,30.7010419553689
119,128,EK,263,8,8 months,hom,panther,panther(csfr1a)j4e1 -/-,"(1999, 554, 554)",613525084,0.021642132034099,0.021642132034099,0.021642132034099,,,LONDON AB,LONDON AB,LONDON AB,222,,23.770658093885
120,129,EK,264,10,10 months,wt,giantin,giantin sib,"(2000, 560, 560)",627200000,0.021197756043916,0.021197756043916,0.021197756043916,* (264_271),,LONDON AB,LONDON AB,LONDON AB,17,,25.3018590514469
121,130,EK,265,10,10 months,wt,giantin,giantin sib,"(2000, 560, 560)",627200000,0.021197756043916,0.021197756043916,0.021197756043916,,,LONDON AB,LONDON AB,LONDON AB,340,,19.5112131637669
122,131,EK,266,10,10 months,wt,giantin,giantin sib,"(2000, 570, 570)",649800000,0.021197756043916,0.021197756043916,0.021197756043916,,,LONDON AB,LONDON AB,LONDON AB,332,,21.0869213574199
123,132,EK,267,10,10 months,wt,giantin,giantin sib,"(2000, 564, 564)",636192000,0.021197756043916,0.021197756043916,0.021197756043916,,,LONDON AB,LONDON AB,LONDON AB,151,,22.1930762507132
124,133,EK,268,10,10 months,hom,giantin,giantin -/-,"(2000, 570, 570)",649800000,0.021197756043916,0.021197756043916,0.021197756043916,,,LONDON AB,LONDON AB,LONDON AB,211,,23.2094012661172
125,134,EK,269,10,10 months,hom,giantin,giantin -/-,"(2000, 574, 574)",658952000,0.021197756043916,0.021197756043916,0.021197756043916,,,LONDON AB,LONDON AB,LONDON AB,36,,23.4028546480964
126,135,EK,270,10,10 months,hom,giantin,giantin -/-,"(2000, 550, 550)",605000000,0.021197756043916,0.021197756043916,0.021197756043916,,,LONDON AB,LONDON AB,LONDON AB,218,,23.3093464016776
127,136,EK,271,10,10 months,hom,giantin,giantin -/-,"(2000, 554, 554)",613832000,0.021197756043916,0.021197756043916,0.021197756043916,,,LONDON AB,LONDON AB,LONDON AB,8,,23.3301420867964
128,137,EK,272,30,2.5 year,het,chst11,chst11 talen,"(1999, 564, 564)",635873904,0.023070611044133,0.023070611044133,0.023070611044133,* (272_279),HR head and ribs,LONDON AB,LONDON AB,LONDON AB,59,,28.9372083223052
129,138,EK,273,30,2.5 year,het,chst11,chst11 talen,"(1999, 580, 580)",672463600,0.023070611044133,0.023070611044133,0.023070611044133,,,LONDON AB,LONDON AB,LONDON AB,301,,27.5430027154945
130,139,EK,274,30,2.5 year,het,chst11,chst11 talen,"(1999, 570, 570)",649475100,0.023070611044133,0.023070611044133,0.023070611044133,,,LONDON AB,LONDON AB,LONDON AB,204,,25.9301516691455
131,140,EK,275,30,2.5 year,het,chst11,chst11 talen,"(1999, 494, 494)",487827964,0.023070611044133,0.023070611044133,0.023070611044133,,,LONDON AB,LONDON AB,LONDON AB,78,,32.960235852117
132,141,EK,276,30,2.5 year,het,chst11,chst11 talen,"(1999, 570, 570)",649475100,0.023070611044133,0.023070611044133,0.023070611044133,,,LONDON AB,LONDON AB,LONDON AB,161,,36.952934112583
133,142,EK,277,30,2.5 year,wt,chst11,chst11 talen SIBS,"(1999, 604, 604)",729267184,0.023070611044133,0.023070611044133,0.023070611044133,,HR head and ribs,LONDON AB,LONDON AB,LONDON AB,162,,30.7057887351137
134,143,EK,278,30,2.5 year,wt,chst11,chst11 talen SIBS,"(1999, 580, 550)",637681000,0.023070611044133,0.023070611044133,0.023070611044133,,,LONDON AB,LONDON AB,LONDON AB,338,,31.3125158080973
135,144,EK,279,30,2.5 year,wt,chst11,chst11 talen SIBS,"(1999, 550, 550)",604697500,0.023070611044133,0.023070611044133,0.023070611044133,,,LONDON AB,LONDON AB,LONDON AB,48,,29.8926820893902
136,145,EK,280,24,2. year,het,chst11,chst11 talen,"(2000, 540, 540)",583200000,0.022396560551961,0.022396560551961,0.022396560551961,* (280_287),,LONDON AB,LONDON AB,LONDON AB,187,,29.3468267312054
137,146,EK,281,24,2 year,het,chst11,chst11 talen,"(2000, 580, 580)",672800000,0.022396560551961,0.022396560551961,0.022396560551961,,,LONDON AB,LONDON AB,LONDON AB,83,,28.3438769076159
138,147,EK,282,24,2 year,het,chst11,chst11 talen,"(2000, 550, 550)",605000000,0.022396560551961,0.022396560551961,0.022396560551961,,,LONDON AB,LONDON AB,LONDON AB,347,,27.0459097738742
139,148,EK,283,24,2 year,het,chst11,chst11 talen,"(2000, 514, 514)",528392000,0.022396560551961,0.022396560551961,0.022396560551961,,,LONDON AB,LONDON AB,LONDON AB,129,,26.4277917892767
140,149,EK,284,24,2 year,het,chst11,chst11 talen,"(2000, 550, 550)",605000000,0.022396560551961,0.022396560551961,0.022396560551961,,,LONDON AB,LONDON AB,LONDON AB,227,,28.5399168530096
141,150,EK,285,30,2.5 year,wt,chst11,chst11 talen SIBS,"(2000, 550, 550)",605000000,0.022396560551961,0.022396560551961,0.022396560551961,,,LONDON AB,LONDON AB,LONDON AB,115,,27.4009307517796
142,151,EK,286,30,2.5 year,wt,chst11,chst11 talen SIBS,"(2000, 564, 564)",636192000,0.022396560551961,0.022396560551961,0.022396560551961,,,LONDON AB,LONDON AB,LONDON AB,0,,23.9896571866239
143,152,EK,287,30,2.5 year,wt,chst11,chst11 talen SIBS,"(2000, 544, 544)",591872000,0.022396560551961,0.022396560551961,0.022396560551961,,,LONDON AB,LONDON AB,LONDON AB,320,,25.001342652287
144,153,EK,288,24,2 year,het,runx2,runx2 +/-,"(2000, 574, 574)",658952000,0.022504422861044,0.022504422861044,0.022504422861044,* (288_295),HR head,LONDON AB,LONDON AB,LONDON AB,238,,33.7122197968581
145,154,EK,289,24,2 year,het,runx2,runx2 +/-,"(2000, 540, 540)",583200000,0.022504422861044,0.022504422861044,0.022504422861044,," For high res: head ribs, tail ",LONDON AB,LONDON AB,LONDON AB,252,,27.4301322244439
146,155,EK,290,24,2 year,het,runx2,runx2 +/-,"(2000, 544, 544)",591872000,0.022504422861044,0.022504422861044,0.022504422861044,," For high res: head ribs, tail ",LONDON AB,LONDON AB,LONDON AB,137,,31.525447642751
147,156,EK,291,24,2 year,het,runx2,runx2 +/-,"(2000, 574, 574)",658952000,0.022504422861044,0.022504422861044,0.022504422861044,,enhance contrast + high res head ribs tail,LONDON AB,LONDON AB,LONDON AB,35,,28.9841976085821
148,157,EK,292,24,2 year,het,runx2,runx2 +/-,"(2000, 544, 544)",591872000,0.022504422861044,0.022504422861044,0.022504422861044,,,LONDON AB,LONDON AB,LONDON AB,166,,30.8806867106667
149,158,EK,293,30,2.5 year,het,runx2,runx2 +/-,"(2000, 524, 524)",549152000,0.022504422861044,0.022504422861044,0.022504422861044,,HR head and ribs,LONDON AB,LONDON AB,LONDON AB,204,,32.6700616697891
150,159,EK,294,30,2.5 year,het,runx2,runx2 +/-,"(2000, 594, 594)",705672000,0.022504422861044,0.022504422861044,0.022504422861044,,,LONDON AB,LONDON AB,LONDON AB,270,,32.8591147129143
151,160,EK,295,30,2.5 year,het,barx1,barx1 +/-,"(2000, 534, 534)",570312000,0.022504422861044,0.022504422861044,0.022504422861044,,,LONDON AB,LONDON AB,LONDON AB,112,,28.3851070509231
152,161,EK,296,24,2 year,wt,barx1,barx1 +/-,"(2000, 544, 544)",591872000,0.022504422861044,0.022504422861044,0.022504422861044,* (296_303),enhance contrast + high res head ribs tail +Elis Loading rig,LONDON AB,LONDON AB,LONDON AB,146,,30.0008633770819
153,162,EK,297,24,2 year,wt,barx1,barx1 +/-,"(2000, 540, 540)",583200000,0.022504422861044,0.022504422861044,0.022504422861044,," For high res: head ribs, tail ",LONDON AB,LONDON AB,LONDON AB,261,,24.8324234152992
154,163,EK,298,24,2 year,wt,barx1,barx1 +/-,"(2000, 554, 554)",613832000,0.022504422861044,0.022504422861044,0.022504422861044,," For high res: head ribs, tail ",LONDON AB,LONDON AB,LONDON AB,48,,27.5687021164918
155,164,EK,299,24,2 year,wt,barx1,barx1 sibs,"(2000, 570, 570)",649800000,0.022504422861044,0.022504422861044,0.022504422861044,,,LONDON AB,LONDON AB,LONDON AB,278,,30.6564294470315
156,165,EK,300,24,2 year,wt,barx1,barx1 sibs,"(2000, 554, 554)",613832000,0.022504422861044,0.022504422861044,0.022504422861044,,,LONDON AB,LONDON AB,LONDON AB,202,,29.3509717973296
157,166,EK,301,24,2 year,wt,barx1,barx1 sibs,"(2000, 570, 570)",649800000,0.022504422861044,0.022504422861044,0.022504422861044,,,LONDON AB,LONDON AB,LONDON AB,126,,30.7480701122514
158,167,EK,302,7,7 months,mosaic,barx1,barx1 sibs,"(2000, 544, 544)",591872000,0.022504422861044,0.022504422861044,0.022504422861044,,,LONDON AB,LONDON AB,LONDON AB,242,,30.5021410799935
159,168,EK,303,7,7 months,mosaic,wnt16,wnt16-2 injected,"(2000, 524, 524)",549152000,0.022504422861044,0.022504422861044,0.022504422861044,,,LONDON AB,LONDON AB,LONDON AB,42,,21.9760769646902
160,169,EK,304,7,7 months,mosaic,wnt16,wnt16-2 injected,"(2000, 560, 560)",627200000,0.021395884903931,0.021395884903931,0.021395884903931,* (304_310),,LONDON AB,LONDON AB,LONDON AB,70,,24.5513608896922
161,170,EK,305,7,7 months,mosaic,wnt16,wnt16-2 injected,"(2000, 560, 560)",627200000,0.021395884903931,0.021395884903931,0.021395884903931,,spine phenotype and jaw? ,LONDON AB,LONDON AB,LONDON AB,189,,23.2070463458141
162,171,EK,306,4,4 months,mosaic,ncoa3,ncoa3 g1 injected,"(2000, 554, 554)",613832000,0.021395884903931,0.021395884903931,0.021395884903931,,,LONDON AB,LONDON AB,LONDON AB,225,,23.6735057681373
163,172,EK,307,4,4 months,mosaic,ncoa3,ncoa3 g1 injected,"(2000, 580, 580)",672800000,0.021395884903931,0.021395884903931,0.021395884903931,,,LONDON AB,LONDON AB,LONDON AB,200,,22.7450868675243
164,173,EK,308,4,4 months,mosaic,ncoa3,ncoa3 g1 injected,"(2000, 594, 594)",705672000,0.021395884903931,0.021395884903931,0.021395884903931,,,LONDON AB,LONDON AB,LONDON AB,23,,24.7675121356354
165,174,EK,309,4,4 months,mosaic,ncoa3,ncoa3 g1 injected,"(2000, 534, 534)",570312000,0.021395884903931,0.021395884903931,0.021395884903931,,,LONDON AB,LONDON AB,LONDON AB,276,,27.536700124175
166,175,EK,310,4,4 months,mosaic,ncoa3,ncoa3 g1 injected,"(2000, 570, 570)",649800000,0.021395884903931,0.021395884903931,0.021395884903931,,,LONDON AB,LONDON AB,LONDON AB,68,,25.249753315689
167,176,EK,311,4,4 months,mosaic,ncoa3,ncoa3 g1 injected,"(2000, 566, 594)",672408000,0.020589107966857,0.020589107966857,0.020589107966857,* (311_318),,LONDON AB,LONDON AB,LONDON AB,317,,26.4587928147896
168,177,EK,312,4,4 months,mosaic,ncoa3,ncoa3 g1 injected,"(2000, 590, 590)",696200000,0.020589107966857,0.020589107966857,0.020589107966857,,,LONDON AB,LONDON AB,LONDON AB,0,,23.6089344825529
169,178,EK,313,4,4 months,mosaic,ncoa3,ncoa3 g1 injected,"(2000, 620, 620)",768800000,0.020589107966857,0.020589107966857,0.020589107966857,,,LONDON AB,LONDON AB,LONDON AB,65,,25.8134785913757
170,179,EK,314,4,4 months,mosaic,ncoa3,ncoa3 g1 injected,"(2000, 590, 590)",696200000,0.020589107966857,0.020589107966857,0.020589107966857,,,LONDON AB,LONDON AB,LONDON AB,267,,23.9718258473218
171,180,EK,315,4,4 months,mosaic,ncoa3,ncoa3 g1 injected,"(2000, 600, 600)",720000000,0.020589107966857,0.020589107966857,0.020589107966857,,,LONDON AB,LONDON AB,LONDON AB,280,,25.8140594387883
172,181,EK,316,4,4 months,mosaic,ncoa3,ncoa3 g1 injected,"(2000, 590, 486)",573480000,0.020589107966857,0.020589107966857,0.020589107966857,,,LONDON AB,LONDON AB,LONDON AB,259,,24.0112906171573
173,182,EK,317,4,4 months,mosaic,ncoa3,ncoa3 g1 injected,"(2000, 600, 600)",720000000,0.020589107966857,0.020589107966857,0.020589107966857,,,LONDON AB,LONDON AB,LONDON AB,54,,24.4087626284911
174,183,EK,318,4,4 months,mosaic,ncoa3,ncoa3 g1 injected,"(2000, 584, 584)",682112000,0.020589107966857,0.020589107966857,0.020589107966857,,,LONDON AB,LONDON AB,LONDON AB,87,,24.4066513611043
175,184,EK,319,30,2.5 year,het,gdf5,gdf5 +/-,"(2000, 564, 564)",636192000,0.023102021653726,0.023102021653726,0.023102021653726,* (319_326),HR head,LONDON AB,LONDON AB,LONDON AB,195,,34.8873437531036
176,185,EK,320,30,2.5 year,het,gdf5,gdf5 +/-,"(2000, 554, 554)",613832000,0.023102021653726,0.023102021653726,0.023102021653726,,,LONDON AB,LONDON AB,LONDON AB,280,,27.3037816533104
177,186,EK,321,30,2.5 year,het,gdf5,gdf5 +/-,"(2000, 564, 564)",636192000,0.023102021653726,0.023102021653726,0.023102021653726,,,LONDON AB,LONDON AB,LONDON AB,315,,40.1124116185307
178,187,EK,322,30,2.5 year,het,gdf5,gdf5 +/-,"(2000, 544, 544)",591872000,0.023102021653726,0.023102021653726,0.023102021653726,," For high res: head ribs, tail ",LONDON AB,LONDON AB,LONDON AB,144,,34.2553434338059
179,188,EK,323,30,2.5 year,het,gdf5,gdf5 +/-,"(2000, 560, 560)",627200000,0.023102021653726,0.023102021653726,0.023102021653726,," For high res: head ribs, tail ",LONDON AB,LONDON AB,LONDON AB,6,,30.802848506394
180,189,EK,324,30,2.5 year,het,gdf5,gdf5 +/-,"(2000, 560, 560)",627200000,0.023102021653726,0.023102021653726,0.023102021653726,,,LONDON AB,LONDON AB,LONDON AB,284,,32.7856543453338
181,190,EK,325,18,1.5 year,het,barx1,barx1 +/-,"(2000, 544, 544)",591872000,0.023102021653726,0.023102021653726,0.023102021653726,,HR head,LONDON AB,LONDON AB,LONDON AB,8,,30.2985266306837
182,191,EK,326,18,1.5 year,het,barx1,barx1 +/-,"(2000, 534, 534)",570312000,0.023102021653726,0.023102021653726,0.023102021653726,,,LONDON AB,LONDON AB,LONDON AB,197,,29.4100133867105
183,192,EK,327,18,1.5 year,het,barx1,barx1 +/-,"(1999, 600, 600)",719640000,0.022393306790897,0.022393306790897,0.022393306790897,* (327_334),HR head and ribs,LONDON AB,LONDON AB,LONDON AB,339,,31.5510064661412
184,193,EK,328,18,1.5 year,het,barx1,barx1 +/-,"(1999, 580, 580)",672463600,0.022393306790897,0.022393306790897,0.022393306790897,,HR head and ribs,LONDON AB,LONDON AB,LONDON AB,210,,32.6783600257951
185,194,EK,329,18,1.5 year,wt,barx1,barx1 sibs,"(1999, 614, 614)",753615004,0.022393306790897,0.022393306790897,0.022393306790897,," For high res: head ribs, tail ",LONDON AB,LONDON AB,LONDON AB,168,,34.0191321851937
186,195,EK,330,18,1.5 year,wt,barx1,barx1 sibs,"(1999, 624, 624)",778362624,0.022393306790897,0.022393306790897,0.022393306790897,," For high res: head ribs, tail ",LONDON AB,LONDON AB,LONDON AB,140,,35.1809255837052
187,196,EK,331,18,1.5 year,wt,barx1,barx1 sibs,"(1999, 650, 650)",844577500,0.022393306790897,0.022393306790897,0.022393306790897,,,LONDON AB,LONDON AB,LONDON AB,49,,33.4254357819286
188,197,EK,332,18,1.5 year,wt,barx1,barx1 sibs,"(1999, 574, 574)",658622524,0.022393306790897,0.022393306790897,0.022393306790897,,,LONDON AB,LONDON AB,LONDON AB,37,,30.8361405431401
189,198,EK,333,12,1 year,hom,mcf2l,mcf2l -/-,"(1999, 590, 590)",695851900,0.022393306790897,0.022393306790897,0.022393306790897,,HR head and ribs + Histology,LONDON AB,LONDON AB,LONDON AB,230,,31.3510344249506
190,199,EK,334,12,1 year,hom,mcf2l,mcf2l -/-,"(1999, 614, 614)",753615004,0.022393306790897,0.022393306790897,0.022393306790897,,HR head +Histologyand ribs ,LONDON AB,LONDON AB,LONDON AB,155,,30.4818683804904
191,200,EK,335,12,1 year,hom,mcf2l,mcf2l -/-,"(1999, 570, 570)",649475100,0.022393306790897,0.022393306790897,0.022393306790897,* (335_342),,LONDON AB,LONDON AB,LONDON AB,52,,30.8473386270274
192,201,EK,336,12,1 year,hom,mcf2l,mcf2l -/-,"(1999, 600, 600)",719640000,0.022393306790897,0.022393306790897,0.022393306790897,,,LONDON AB,LONDON AB,LONDON AB,286,,31.9732593592971
193,202,EK,337,12,1 year,hom,mcf2l,mcf2l -/-,"(1999, 570, 570)",649475100,0.022393306790897,0.022393306790897,0.022393306790897,,,LONDON AB,LONDON AB,LONDON AB,112,,32.44785416257
194,203,EK,338,18,1.5 year,het,mcf2l,mcf2l +/-,"(1999, 580, 580)",672463600,0.022393306790897,0.022393306790897,0.022393306790897,,,LONDON AB,LONDON AB,LONDON AB,59,,35.2034177866569
195,204,EK,339,18,1.5 year,het,mcf2l,mcf2l +/-,"(1999, 570, 570)",649475100,0.022393306790897,0.022393306790897,0.022393306790897,,,LONDON AB,LONDON AB,LONDON AB,70,,34.2483720855781
196,205,EK,340,18,1.5 year,het,mcf2l,mcf2l +/-,"(1999, 570, 570)",649475100,0.022393306790897,0.022393306790897,0.022393306790897,,,LONDON AB,LONDON AB,LONDON AB,58,,26.2193062292133
197,206,EK,341,18,1.5 year,het,mcf2l,mcf2l +/-,"(1999, 574, 574)",658622524,0.022393306790897,0.022393306790897,0.022393306790897,,,LONDON AB,LONDON AB,LONDON AB,354,,32.7840201287909
198,207,EK,342,18,1.5 year,het,mcf2l,mcf2l +/-,"(1999, 550, 550)",604697500,0.022393306790897,0.022393306790897,0.022393306790897,,,LONDON AB,LONDON AB,LONDON AB,177,,26.6849930816626
199,208,EK,343,18,1.5 year,het,dot1,dot1 +/-,"(1999, 540, 540)",582908400,0.022393306790897,0.022393306790897,0.022393306790897,* (343_350)," For high res: head ribs, tail ",LONDON AB,LONDON AB,LONDON AB,33,,26.7798680361539
200,209,EK,344,18,1.5 year,het,dot1,dot1 +/-,"(1999, 534, 534)",570026844,0.022393306790897,0.022393306790897,0.022393306790897,,ELIS,LONDON AB,LONDON AB,LONDON AB,270,,27.5936169365195
201,210,EK,345,18,1.5 year,het,dot1,dot1 +/-,"(1999, 550, 550)",604697500,0.022393306790897,0.022393306790897,0.022393306790897,,ELIS,LONDON AB,LONDON AB,LONDON AB,102,,30.8737584378415
202,211,EK,346,18,1.5 year,het,dot1,dot1 +/-,"(1999, 580, 580)",672463600,0.022393306790897,0.022393306790897,0.022393306790897,,ELIS,LONDON AB,LONDON AB,LONDON AB,222,,30.164325428786
203,212,EK,347,,,hom,scxb,scxb kg107/kg107,"(1999, 564, 564)",635873904,0.022393306790897,0.022393306790897,0.022393306790897,,histology ,LONDON AB,LONDON AB,LONDON AB,9,,24.5467128351805
204,213,EK,348,,,hom,scxb,scxb kg107/kg107,"(1999, 570, 570)",649475100,0.022393306790897,0.022393306790897,0.022393306790897,,contrast enhance,LONDON AB,LONDON AB,LONDON AB,118,,25.2310693475951
205,214,EK,349,,,hom,scxb,scxb kg107/kg107,"(1999, 554, 554)",613525084,0.022393306790897,0.022393306790897,0.022393306790897,,alizarin red staining,LONDON AB,LONDON AB,LONDON AB,152,,25.1021581375576
206,215,EK,350,,,het,scxb,scxb +/-,"(1999, 560, 560)",626886400,0.022393306790897,0.022393306790897,0.022393306790897,,alizarin red staining,LONDON AB,LONDON AB,LONDON AB,151,,30.6988147406059
207,216,EK,351,,,het,scxb,scxb +/-,"(1999, 540, 540)",582908400,0.022393306790897,0.022393306790897,0.022393306790897,* (351-358),histology ,LONDON AB,LONDON AB,LONDON AB,265,,28.6602736893576
208,217,EK,352,,,het,scxb,scxb +/-,"(1999, 560, 524)",586586560,0.022393306790897,0.022393306790897,0.022393306790897,,contrast enhance,LONDON AB,LONDON AB,LONDON AB,135,,25.9874945755984
209,218,EK,353,,,wt,scxa,scxa SIBS,"(1999, 544, 544)",591576064,0.022393306790897,0.022393306790897,0.022393306790897,,histology ,LONDON AB,LONDON AB,LONDON AB,322,,24.7102403761785
210,219,EK,354,,,wt,scxa,scxa SIBS,"(1999, 534, 534)",570026844,0.022393306790897,0.022393306790897,0.022393306790897,,contrast enhance,LONDON AB,LONDON AB,LONDON AB,312,,27.8087059216514
211,220,EK,355,,,wt,scxa,scxa SIBS,"(1999, 540, 540)",582908400,0.022393306790897,0.022393306790897,0.022393306790897,,alizarin red staining,LONDON AB,LONDON AB,LONDON AB,186,,28.0676108344896
212,221,EK,356,,,hom,scxa,scxa kg170/kg170,"(1999, 560, 560)",626886400,0.022393306790897,0.022393306790897,0.022393306790897,,alizarin red staining,LONDON AB,LONDON AB,LONDON AB,15,,26.9484610260649
213,222,EK,357,,,hom,scxa,scxa kg170/kg170,"(1999, 560, 560)",626886400,0.022393306790897,0.022393306790897,0.022393306790897,,contrast enhance,LONDON AB,LONDON AB,LONDON AB,144,,28.1339603519082
214,223,EK,358,,,hom,scxa,scxa kg170/kg170,"(1999, 554, 554)",613525084,0.022393306790897,0.022393306790897,0.022393306790897,,histology ,LONDON AB,LONDON AB,LONDON AB,360,,24.4854558065323
215,224,EK,359,18,1.5 year,wt,dot1,dot1 +/+,"(1999, 624, 624)",778362624,0.02202676398535,0.02202676398535,0.02202676398535,* (359-365)," For high res: head ribs, tail / ELIS",LONDON AB,LONDON AB,LONDON AB,203,,23.8333188891509
216,225,EK,360,18,1.5 year,wt,dot1,dot1 +/+,"(1999, 624, 624)",778362624,0.02202676398535,0.02202676398535,0.02202676398535,," For high res: head ribs, tail /ELIS",LONDON AB,LONDON AB,LONDON AB,180,,31.9904072567316
217,226,EK,361,18,1.5 year,wt,dot1,dot1 +/+,"(1999, 630, 630)",793403100,0.02202676398535,0.02202676398535,0.02202676398535,,ELIS,LONDON AB,LONDON AB,LONDON AB,239,,29.3858956292816
218,227,EK,362,24,2 year,wt,wt,dvl:gfp contrast enhance,"(1999, 630, 630)",793403100,0.02202676398535,0.02202676398535,0.02202676398535,,,LONDON AB,LONDON AB,LONDON AB,35,,31.822513320454
219,228,EK,363,24,2 year,wt,wt,dvl:gfp contrast enhance,"(1999, 624, 624)",778362624,0.02202676398535,0.02202676398535,0.02202676398535,,,LONDON AB,LONDON AB,LONDON AB,207,,24.8845481562504
220,229,EK,364,24,2 year,wt,wt,dvl:gfp contrast enhance,"(1999, 580, 538)",623767960,0.02202676398535,0.02202676398535,0.02202676398535,,,LONDON AB,LONDON AB,LONDON AB,132,,25.3179782821789
221,230,EK,365,24,2 year,wt,wt,dvl:gfp contrast enhance,"(1999, 620, 620)",768415600,0.02202676398535,0.02202676398535,0.02202676398535,,,LONDON AB,LONDON AB,LONDON AB,125,,25.8651394170771
222,231,EK,366,24,2 year,wt,wt,dvl:gfp contrast enhance,"(1999, 584, 584)",681770944,0.02202676398535,0.02202676398535,0.02202676398535,* (366-373),,LONDON AB,LONDON AB,LONDON AB,302,,28.5052338963726
223,232,EK,367,24,2 year,wt,wt,dvl:gfp contrast enhance,"(1999, 564, 564)",635873904,0.02202676398535,0.02202676398535,0.02202676398535,,,LONDON AB,LONDON AB,LONDON AB,117,,26.9586942403232
224,233,EK,368,24,2 year,wt,wt,dvl:gfp contrast enhance,"(1999, 594, 594)",705319164,0.02202676398535,0.02202676398535,0.02202676398535,,,LONDON AB,LONDON AB,LONDON AB,114,,27.2696367347575
225,234,EK,369,7,7 months,wt,wt,gli:mcherry,"(1999, 604, 604)",729267184,0.02202676398535,0.02202676398535,0.02202676398535,,,LONDON AB,LONDON AB,LONDON AB,231,,28.3581398275265
226,235,EK,370,7,7 months,wt,wt,gli:mcherry,"(1999, 600, 600)",719640000,0.02202676398535,0.02202676398535,0.02202676398535,,,LONDON AB,LONDON AB,LONDON AB,191,,29.4525631756909
227,236,EK,371,7,7 months,wt,wt,gli:mcherry,"(1999, 594, 594)",705319164,0.02202676398535,0.02202676398535,0.02202676398535,,,LONDON AB,LONDON AB,LONDON AB,244,,31.38492113969
228,237,EK,372,7,7 months,wt,wt,gli:mcherry,"(1999, 574, 574)",658622524,0.02202676398535,0.02202676398535,0.02202676398535,,,LONDON AB,LONDON AB,LONDON AB,125,,29.854668044082
229,238,EK,373,7,7 months,wt,wt,gli:mcherry,"(1999, 600, 600)",719640000,0.02202676398535,0.02202676398535,0.02202676398535,,,LONDON AB,LONDON AB,LONDON AB,359,,30.8559524593395
230,239,EK,374,28,2.3 year,het,col9,col9 +/-,"(1999, 590, 590)",695851900,0.02202676398535,0.02202676398535,0.02202676398535,* (374-381)," For high res: head ribs, tail ",LONDON AB,LONDON AB,LONDON AB,222,,29.9025848422403
231,240,EK,375,28,2.3 year,het,col9,col9 +/-,"(1999, 590, 590)",695851900,0.02202676398535,0.02202676398535,0.02202676398535,," For high res: head ribs, tail ",LONDON AB,LONDON AB,LONDON AB,187,,26.7626292373964
232,241,EK,376,28,2.3 year,het,col9,col9 +/-,"(1999, 614, 614)",753615004,0.02202676398535,0.02202676398535,0.02202676398535,,,LONDON AB,LONDON AB,LONDON AB,0,,26.2501064758187
233,242,EK,377,28,2.3 year,het,col9,col9 +/-,"(1999, 492, 594)",584203752,0.02202676398535,0.02202676398535,0.02202676398535,,CYSTS ! Send to histology ,LONDON AB,LONDON AB,LONDON AB,86,,25.3978339718207
234,243,EK,378,4,4 months,mosaic,ncoa3,ncoa3 g1 injected,"(1999, 580, 580)",672463600,0.02202676398535,0.02202676398535,0.02202676398535,,,LONDON AB,LONDON AB,LONDON AB,127,,25.2155821491875
235,244,EK,379,4,4 months,mosaic,ncoa3,ncoa3 g1 injected,"(1999, 594, 594)",705319164,0.02202676398535,0.02202676398535,0.02202676398535,,,LONDON AB,LONDON AB,LONDON AB,325,,27.1707236536956
236,245,EK,380,4,4 months,mosaic,ncoa3,ncoa3 g1 injected,"(1999, 564, 564)",635873904,0.02202676398535,0.02202676398535,0.02202676398535,,,LONDON AB,LONDON AB,LONDON AB,66,,30.4001738706177
237,246,EK,381,4,4 months,mosaic,ncoa3,ncoa3 g1 injected,"(1999, 604, 604)",729267184,0.02202676398535,0.02202676398535,0.02202676398535,,,LONDON AB,LONDON AB,LONDON AB,229,,24.9901565901467
238,247,EK,382,3,3 months,wt,wt,sp7 wt sib,"(1999, 600, 600)",719640000,0.021183676321263,0.021183676321263,0.021183676321263,*(382-389),November 2017 scans- Liz. First fish has a sticker on the side. ,LONDON AB,LONDON AB,LONDON AB,261,,24.2705765167837
239,248,EK,383,3,3 months,wt,wt,sp7 wt sib,"(1999, 630, 630)",793403100,0.021183676321263,0.021183676321263,0.021183676321263,,,LONDON AB,LONDON AB,LONDON AB,214,,22.4962587022641
240,249,EK,384,3,3 months,wt,wt,sp7 wt sib,"(1999, 604, 604)",729267184,0.021183676321263,0.021183676321263,0.021183676321263,,,LONDON AB,LONDON AB,LONDON AB,228,,23.9689223166623
241,250,EK,385,3,3 months,wt,wt,sp7 wt sib,"(1999, 564, 564)",635873904,0.021183676321263,0.021183676321263,0.021183676321263,,,LONDON AB,LONDON AB,LONDON AB,328,,24.8145719799129
242,251,EK,386,3,3 months,wt,wt,sp7 wt sib,"(1999, 594, 594)",705319164,0.021183676321263,0.021183676321263,0.021183676321263,,,LONDON AB,LONDON AB,LONDON AB,274,,23.8158637314057
243,252,EK,387,3,3 months,wt,wt,sp7 wt sib,"(1999, 610, 610)",743827900,0.021183676321263,0.021183676321263,0.021183676321263,,,LONDON AB,LONDON AB,LONDON AB,258,,25.7998617410377
244,253,EK,388,3,3 months,wt,wt,sp7 wt sib,"(1999, 580, 580)",672463600,0.021183676321263,0.021183676321263,0.021183676321263,,,LONDON AB,LONDON AB,LONDON AB,83,,23.1069030413584
245,254,EK,389,3,3 months,wt,wt,sp7 wt sib,"(1999, 610, 610)",743827900,0.021183676321263,0.021183676321263,0.021183676321263,,,LONDON AB,LONDON AB,LONDON AB,346,,22.3820352719339
246,255,EK,390,14,1.2 year,het,sp7,sp7 +/-,"(2000, 610, 610)",744200000,0.021391472980511,0.021391472980511,0.021391472980511,*(390-397)," For high res: head ribs, tail ",LONDON AB,LONDON AB,LONDON AB,219,,30.7791714866037
247,256,EK,391,14,1.2 year,het,sp7,sp7 +/-,"(2000, 584, 584)",682112000,0.021391472980511,0.021391472980511,0.021391472980511,," For high res: head ribs, tail ",LONDON AB,LONDON AB,LONDON AB,316,,27.7131854085119
248,257,EK,392,14,1.2 year,het,sp7,sp7 +/-,"(2000, 604, 604)",729632000,0.021391472980511,0.021391472980511,0.021391472980511,,,LONDON AB,LONDON AB,LONDON AB,218,,32.0820964419641
249,258,EK,393,14,1.2 year,het,sp7,sp7 +/-,"(2000, 614, 614)",753992000,0.021391472980511,0.021391472980511,0.021391472980511,,,LONDON AB,LONDON AB,LONDON AB,137,,31.1318891632591
250,259,EK,394,14,1.2 year,het,sp7,sp7 +/-,"(2000, 520, 520)",540800000,0.021391472980511,0.021391472980511,0.021391472980511,,,LONDON AB,LONDON AB,LONDON AB,59,,29.4582642661325
251,260,EK,395,14,1.2 year,het,sp7,sp7 +/-,"(2000, 580, 580)",672800000,0.021391472980511,0.021391472980511,0.021391472980511,,,LONDON AB,LONDON AB,LONDON AB,0,,25.6990272109266
252,261,EK,396,14,1.2 year,het,sp7,sp7 +/-,"(2000, 654, 654)",855432000,0.021391472980511,0.021391472980511,0.021391472980511,,,LONDON AB,LONDON AB,LONDON AB,275,,28.7168254300081
253,262,EK,397,14,1.2 year,het,sp7,sp7 +/-,"(2000, 610, 610)",744200000,0.021391472980511,0.021391472980511,0.021391472980511,,,LONDON AB,LONDON AB,LONDON AB,118,,27.9534530195788
254,263,EK,398,3,3 months,het,sp7,sp7 +/-,"(2000, 550, 550)",605000000,0.021391472980511,0.021391472980511,0.021391472980511,*(398-405)," For high res: head ribs, tail ",LONDON AB,LONDON AB,LONDON AB,14,,24.2681830897521
255,264,EK,399,3,3 months,het,sp7,sp7 +/-,"(2000, 594, 594)",705672000,0.021391472980511,0.021391472980511,0.021391472980511,,,LONDON AB,LONDON AB,LONDON AB,91,,18.4616156717823
256,265,EK,400,3,3 months,het,sp7,sp7 +/-,"(2000, 492, 594)",584496000,0.021391472980511,0.021391472980511,0.021391472980511,,,LONDON AB,LONDON AB,LONDON AB,335,,18.3767700290646
257,266,EK,401,3,3 months,het,sp7,sp7 +/-,"(1999, 560, 560)",626886400,0.021906735777957,0.021906735777957,0.021906735777957,,"moved, rescanned with 421",LONDON AB,LONDON AB,LONDON AB,215,,24.5727706846363
258,267,EK,402,3,3 months,het,sp7,sp7 +/-,"(2000, 584, 584)",682112000,0.021391472980511,0.021391472980511,0.021391472980511,,,LONDON AB,LONDON AB,LONDON AB,265,,24.5206929740989
259,268,EK,403,3,3 months,hom,sp7,sp7 -/-,"(1999, 594, 594)",705319164,0.021906735777957,0.021906735777957,0.021906735777957,,"moved, rescanned with 421,  For high res: head ribs, tail ",LONDON AB,LONDON AB,LONDON AB,47,,29.2028162920133
260,269,EK,404,3,3 months,hom,sp7,sp7 -/-,"(2000, 584, 584)",682112000,0.021391472980511,0.021391472980511,0.021391472980511,,,LONDON AB,LONDON AB,LONDON AB,46,,23.5290031582047
261,272,EK,407,,,hom,scxa,scxa kg170/kg170,"(1999, 590, 590)",695851900,0.021906735777957,0.021906735777957,0.021906735777957,,,LONDON AB,LONDON AB,LONDON AB,151,,28.3444291965062
262,273,EK,408,,,hom,scxa,scxa kg170/kg170,"(1999, 590, 590)",695851900,0.021906735777957,0.021906735777957,0.021906735777957,,,LONDON AB,LONDON AB,LONDON AB,348,,26.7804580833214
263,274,EK,409,,,hom,scxa,scxa kg170/kg170,"(1999, 590, 572)",674622520,0.021906735777957,0.021906735777957,0.021906735777957,,,LONDON AB,LONDON AB,LONDON AB,293,,29.6678909439627
264,275,EK,410,,,het,scxa,scxa kg170 +/-,"(1999, 580, 580)",672463600,0.021906735777957,0.021906735777957,0.021906735777957,,,LONDON AB,LONDON AB,LONDON AB,61,,27.3294161791411
265,276,EK,411,,,het,scxa,scxa kg170 +/-,"(1999, 528, 594)",626950368,0.021906735777957,0.021906735777957,0.021906735777957,,,LONDON AB,LONDON AB,LONDON AB,125,,26.3839505772682
266,277,EK,412,,,het,scxa,scxa kg170 +/-,"(1999, 574, 574)",658622524,0.021906735777957,0.021906735777957,0.021906735777957,,,LONDON AB,LONDON AB,LONDON AB,151,,27.3880093504064
267,278,EK,413,,,het,scxa,scxa kg170 +/-,"(1999, 584, 584)",681770944,0.021906735777957,0.021906735777957,0.021906735777957,,,LONDON AB,LONDON AB,LONDON AB,314,,29.6292968433317
268,279,EK,414,,,wt,scxa,scxa sibs yaniv +/+,"(1999, 580, 580)",672463600,0.021906735777957,0.021906735777957,0.021906735777957,*(414-420),,LONDON AB,LONDON AB,LONDON AB,25,,28.7812239537808
269,280,EK,415,,,wt,scxa,scxa sibs yaniv +/+,"(1999, 574, 574)",658622524,0.021906735777957,0.021906735777957,0.021906735777957,,,LONDON AB,LONDON AB,LONDON AB,317,,28.740589764467
270,281,EK,416,,,wt,scxa,scxa sibs yaniv +/+,"(1999, 554, 554)",613525084,0.021906735777957,0.021906735777957,0.021906735777957,,,LONDON AB,LONDON AB,LONDON AB,125,,29.2509564577485
271,282,EK,417,,,wt,scxa,scxa sibs yaniv +/+,"(1999, 554, 554)",613525084,0.021906735777957,0.021906735777957,0.021906735777957,,,LONDON AB,LONDON AB,LONDON AB,98,,27.9776693353763
272,283,EK,418,9,9 months,het,sp7,sp7  het,"(1999, 580, 580)",672463600,0.021906735777957,0.021906735777957,0.021906735777957,,,LONDON AB,LONDON AB,LONDON AB,165,,27.9639694128056
273,284,EK,419,9,9 months,het,sp7,sp7  het,"(1999, 590, 590)",695851900,0.021906735777957,0.021906735777957,0.021906735777957,,,LONDON AB,LONDON AB,LONDON AB,195,,29.6910925707195
274,285,EK,420,9,9 months,hom,sp7,sp7 mut,"(1999, 584, 584)",681770944,0.021906735777957,0.021906735777957,0.021906735777957,,,LONDON AB,LONDON AB,LONDON AB,61,,17.1677630045443
275,286,EK,421,12,1 year,hom,col11a2,col11a2-/-,"(1999, 620, 620)",768415600,0.021906735777957,0.021906735777957,0.021906735777957,"*(401,403,405,421)",HR head and ribs,LONDON AB,LONDON AB,LONDON AB,125,,18.9463103545215
276,288,EK,423,3,3 months,wt,col11a2,col11a2 sibs,"(2000, 518, 554)",573944000,0.023216347339734,0.023216347339734,0.023216347339734,*(423-430),,LONDON AB,LONDON AB,LONDON AB,79,,24.5919007193477
277,289,EK,424,3,3 months,wt,col11a2,col11a2 sibs,"(2000, 574, 574)",658952000,0.023216347339734,0.023216347339734,0.023216347339734,,,LONDON AB,LONDON AB,LONDON AB,264,"[293.7175294220895, 353.176246721171]",22.7685544047547
278,290,EK,425,3,3 months,wt,col11a2,col11a2 sibs,"(2000, 550, 550)",605000000,0.023216347339734,0.023216347339734,0.023216347339734,,,LONDON AB,LONDON AB,LONDON AB,170,,22.1786643589785
279,291,EK,426,3,3 months,het,col11 ,col11 +/-,"(2000, 514, 514)",528392000,0.023216347339734,0.023216347339734,0.023216347339734,,,LONDON AB,LONDON AB,LONDON AB,190,,23.3988023069724
280,292,EK,427,3,3 months,het,col11 ,col11 +/-,"(2000, 534, 534)",570312000,0.023216347339734,0.023216347339734,0.023216347339734,,,LONDON AB,LONDON AB,LONDON AB,238,,23.0438329109431
281,293,EK,428,3,3 months,het,col11 ,col11 +/-,"(2000, 550, 550)",605000000,0.023216347339734,0.023216347339734,0.023216347339734,,,LONDON AB,LONDON AB,LONDON AB,274,,25.6849250730927
282,294,EK,429,3,3 months,het,col11 ,col11 +/-,"(2000, 604, 604)",729632000,0.023216347339734,0.023216347339734,0.023216347339734,,,LONDON AB,LONDON AB,LONDON AB,16,,21.4952422519642
283,295,EK,430,3,3 months,het,col11 ,col11 +/-,"(2000, 560, 560)",627200000,0.023216347339734,0.023216347339734,0.023216347339734,,,LONDON AB,LONDON AB,LONDON AB,128,,18.8923275936583
284,296,EK,431,12,1 year,wt,col11a2,col11a2 sibs,"(2000, 550, 550)",605000000,0.022595624251547,0.022595624251547,0.022595624251547,*(431-438),*HR,LONDON AB,LONDON AB,LONDON AB,296,,25.6595757731528
285,297,EK,432,12,1 year,wt,col11a2,col11a2 sibs,"(2000, 534, 534)",570312000,0.022595624251547,0.022595624251547,0.022595624251547,,,LONDON AB,LONDON AB,LONDON AB,339,,21.1584446987252
286,298,EK,433,12,1 year,wt,col11a2,col11a2 sibs,"(2000, 590, 590)",696200000,0.022595624251547,0.022595624251547,0.022595624251547,,,LONDON AB,LONDON AB,LONDON AB,43,"[425.77942637613313, 221.79141238118467]",29.2395070198245
287,299,EK,434,12,1 year,wt,col11a2,col11a2 sibs,"(2000, 590, 590)",696200000,0.022595624251547,0.022595624251547,0.022595624251547,,,LONDON AB,LONDON AB,LONDON AB,238,"[286.42127293790935, 330.85431507196864]",28.6370878751736
288,300,EK,435,12,1 year,het,col11 ,col11 +/-,"(2000, 570, 570)",649800000,0.022595624251547,0.022595624251547,0.022595624251547,,,LONDON AB,LONDON AB,LONDON AB,130,,27.9176776196453
289,301,EK,436,12,1 year,het,col11 ,col11 +/-,"(2000, 490, 490)",480200000,0.022595624251547,0.022595624251547,0.022595624251547,,*HR,LONDON AB,LONDON AB,LONDON AB,343,,26.558146489551
290,302,EK,437,12,1 year,het,col11 ,col11 +/-,"(2000, 534, 534)",570312000,0.022595624251547,0.022595624251547,0.022595624251547,,,LONDON AB,LONDON AB,LONDON AB,245,,28.2219322789006
291,303,EK,438,12,1 year,het,col11 ,col11 +/-,"(2000, 574, 574)",658952000,0.022595624251547,0.022595624251547,0.022595624251547,,,LONDON AB,LONDON AB,LONDON AB,140,,27.4742887118219
292,304,EK,440,12,1 year,wt,wt,wt,"(2000, 654, 654)",855432000,0.019912917730777,0.019912917730777,0.019912917730777,(440-447),Reconstructions were done by TOM  to show best images. Phantons were not reconstructed.  If need BMD Liz can run recs later for all the scans done on 25.01.18. HR head,LONDON AB,LONDON AB,LONDON AB,155,,31.7433158445768
293,305,EK,441,12,1 year,wt,wt,wt,"(2000, 630, 630)",793800000,0.019912917730777,0.019912917730777,0.019912917730777,,,LONDON AB,LONDON AB,LONDON AB,243,,16.719756980286
294,306,EK,442,12,1 year,wt,wt,wt,"(2000, 500, 574)",574000000,0.019912917730777,0.019912917730777,0.019912917730777,,,LONDON AB,LONDON AB,LONDON AB,210,,27.1490040176183
295,307,EK,443,12,1 year,hom,col11a2,col11a2 -/- ,"(2000, 620, 620)",768800000,0.019912917730777,0.019912917730777,0.019912917730777,,HR head and ribs,LONDON AB,LONDON AB,LONDON AB,155,,29.0499670479624
296,308,EK,444,12,1 year,mosaic,wnt16,wnt16- inj crispr,"(2000, 620, 620)",768800000,0.019912917730777,0.019912917730777,0.019912917730777,,"HR, spinal phenotype severe",LONDON AB,LONDON AB,LONDON AB,74,,29.224262201025
297,309,EK,445,12,1 year,mosaic,wnt16,wnt16- inj crispr,"(2000, 610, 610)",744200000,0.019912917730777,0.019912917730777,0.019912917730777,,,LONDON AB,LONDON AB,LONDON AB,309,,25.7431845395654
298,310,EK,446,3,3 months,comp het,wnt16,wnt16 G1 ,"(2000, 620, 620)",768800000,0.019912917730777,0.019912917730777,0.019912917730777,,,LONDON AB,LONDON AB,LONDON AB,141,,29.8974003430821
299,311,EK,447,3,3 months,comp het,wnt16,wnt16 G1 ,"(2000, 604, 604)",729632000,0.019912917730777,0.019912917730777,0.019912917730777,,HR head and ribs,LONDON AB,LONDON AB,LONDON AB,96,,14.8848561124374
300,312,EK,448,12,1 year,mosaic,wnt16,wnt16- inj crispr,"(1999, 530, 620)",656871400,0.019912917730777,0.019912917730777,0.019912917730777,(448-455),,LONDON AB,LONDON AB,LONDON AB,292,,27.4201665406562
301,313,EK,449,18,1.5 year,het maybe ,vhl,vhl hu2117,"(1999, 634, 634)",803510044,0.019912917730777,0.019912917730777,0.019912917730777,,,LONDON AB,LONDON AB,LONDON AB,40,,26.5536788183256
302,314,EK,450,18,1.5 year,het maybe ,vhl,vhl hu2117,"(1999, 620, 620)",768415600,0.019912917730777,0.019912917730777,0.019912917730777,,,LONDON AB,LONDON AB,LONDON AB,279,,30.3680244568793
303,315,EK,451,18,1.5 year,het maybe ,vhl,vhl hu2117,"(1999, 590, 590)",695851900,0.019912917730777,0.019912917730777,0.019912917730777,,,LONDON AB,LONDON AB,LONDON AB,2,,29.987996222193
304,316,EK,452,18,1.5 year,het maybe ,vhl,vhl hu2117,"(1999, 590, 590)",695851900,0.019912917730777,0.019912917730777,0.019912917730777,,,LONDON AB,LONDON AB,LONDON AB,26,,32.8953721427127
305,317,EK,453,18,1.5 year,het maybe ,vhl,vhl hu2117,"(1999, 580, 580)",672463600,0.019912917730777,0.019912917730777,0.019912917730777,,,LONDON AB,LONDON AB,LONDON AB,5,,34.792072384343
306,318,EK,454,18,1.5 year,het maybe ,vhl,vhl hu2117,"(1999, 610, 610)",743827900,0.019912917730777,0.019912917730777,0.019912917730777,,,LONDON AB,LONDON AB,LONDON AB,141,,31.3371237591289
307,319,EK,455,18,1.5 year,het maybe ,vhl,vhl hu2117,"(1999, 594, 594)",705319164,0.019912917730777,0.019912917730777,0.019912917730777,,,LONDON AB,LONDON AB,LONDON AB,224,,31.2445401362861
308,320,EK,456,7,7 months,wt,col11a2,col11a2 +/+,"(2000, 570, 570)",649800000,0.022151959778149,0.022151959778149,0.022151959778149,(456-463),HR,LONDON AB,LONDON AB,LONDON AB,322,,28.9860363063283
309,321,EK,457,7,7 months,wt,col11a2,col11a2 +/+,"(2000, 584, 584)",682112000,0.022151959778149,0.022151959778149,0.022151959778149,,,LONDON AB,LONDON AB,LONDON AB,280,,32.5946424116934
310,322,EK,458,7,7 months,wt,col11a2,col11a2 +/+,"(2000, 580, 580)",672800000,0.022151959778149,0.022151959778149,0.022151959778149,,,LONDON AB,LONDON AB,LONDON AB,335,,26.017778414462
311,323,EK,459,7,7 months,het,col11a2,col11a2 +/-,"(2000, 560, 560)",627200000,0.022151959778149,0.022151959778149,0.022151959778149,,,LONDON AB,LONDON AB,LONDON AB,17,,28.1675031320061
312,324,EK,460,7,7 months,het,col11a2,col11a2 +/-,"(2000, 560, 560)",627200000,0.022151959778149,0.022151959778149,0.022151959778149,,HR,LONDON AB,LONDON AB,LONDON AB,230,,26.8046037991905
313,325,EK,461,7,7 months,het,col11a2,col11a2 +/-,"(2000, 624, 624)",778752000,0.022151959778149,0.022151959778149,0.022151959778149,,,LONDON AB,LONDON AB,LONDON AB,277,,27.840098335036
314,326,EK,462,28,2.3 years,het,col11a2,col11a2 +/-,"(2000, 590, 574)",677320000,0.022151959778149,0.022151959778149,0.022151959778149,,,LONDON AB,LONDON AB,LONDON AB,219,,30.4661583727252
315,327,EK,463,28,2.3 years,het,col11a2,col11a2 +/-,"(2000, 580, 580)",672800000,0.022151959778149,0.022151959778149,0.022151959778149,,,LONDON AB,LONDON AB,LONDON AB,94,,30.1803535405785
316,328,EK,464,28,2.3 years,het,col11a2,col11a2 +/-,"(2000, 620, 620)",768800000,0.022395578970411,0.022395578970411,0.022395578970411,(464-470),HR,LONDON AB,LONDON AB,LONDON AB,109,,23.0894842820765
317,329,EK,465,6,6 months,wt,tert,tert +/+,"(2000, 620, 620)",768800000,0.022395578970411,0.022395578970411,0.022395578970411,,,LONDON AB,LONDON AB,LONDON AB,110,"[252.3297693259576, 370.0113552229432]",23.7653462200249
318,330,EK,466,6,6 months,wt,tert,tert +/+,"(2000, 604, 604)",729632000,0.022395578970411,0.022395578970411,0.022395578970411,,,LONDON AB,LONDON AB,LONDON AB,203,,23.6254617992868
319,331,EK,467,6,6 months,wt,tert,tert +/+,"(2000, 594, 594)",705672000,0.022395578970411,0.022395578970411,0.022395578970411,,,LONDON AB,LONDON AB,LONDON AB,204,"[223.29846722473002, 276.16624772328305]",23.5857596453774
320,332,EK,468,6,6 months,hom,tert,tert -/-,"(2000, 630, 630)",793800000,0.022395578970411,0.022395578970411,0.022395578970411,,,LONDON AB,LONDON AB,LONDON AB,105,"[279.9004660164622, 390.0423472722147]",22.1801953021879
321,333,EK,469,6,6 months,hom,tert,tert -/-,"(2000, 620, 620)",768800000,0.022395578970411,0.022395578970411,0.022395578970411,,,LONDON AB,LONDON AB,LONDON AB,8,,34.6360103746426
322,334,EK,470,6,6 months,hom,tert,tert -/-,"(2000, 560, 560)",627200000,0.022395578970411,0.022395578970411,0.022395578970411,,,LONDON AB,LONDON AB,LONDON AB,347,,22.8365570108584
323,335,EK,471,3,3 months,hom,wnt16,wnt16.1 -/-,"(2000, 654, 654)",855432000,0.020017218226011,0.020017218226011,0.020017218226011,471_478,Synchroton/ fins +vertebrae,LONDON AB,LONDON AB,LONDON AB,107,,18.3667865703677
324,336,EK,472,3,3 months,hom,wnt16,wnt16.1 -/-,"(2000, 594, 594)",705672000,0.020017218226011,0.020017218226011,0.020017218226011,,Synchroton/ fins+vertebrae,LONDON AB,LONDON AB,LONDON AB,40,,19.5194513506137
325,337,EK,473,3,3 months,hom,wnt16,wnt16.1 -/-,"(2000, 614, 614)",753992000,0.020017218226011,0.020017218226011,0.020017218226011,,Synchroton/ fins+vertebrae,LONDON AB,LONDON AB,LONDON AB,327,,19.7949818097782
326,338,EK,474,3,3 months,hom,wnt16,wnt16.1 -/-,"(2000, 594, 594)",705672000,0.020017218226011,0.020017218226011,0.020017218226011,,For BMD,LONDON AB,LONDON AB,LONDON AB,176,,17.7149846810904
327,339,EK,475,3,3 months,hom,wnt16,wnt16.1 -/-,"(2000, 644, 530)",682640000,0.020017218226011,0.020017218226011,0.020017218226011,,For BMD,LONDON AB,LONDON AB,LONDON AB,116,,18.3098570024683
328,340,EK,476,3,3 months,hom,wnt16,wnt16.1 -/-,"(2000, 624, 624)",778752000,0.020017218226011,0.020017218226011,0.020017218226011,,For BMD,LONDON AB,LONDON AB,LONDON AB,37,,21.0718837282348
329,341,EK,477,3,3 months,hom,wnt16,wnt16.1 -/-,"(2000, 644, 644)",829472000,0.020017218226011,0.020017218226011,0.020017218226011,,For BMD,LONDON AB,LONDON AB,LONDON AB,243,,20.351297335353
330,342,EK,478,3,3 months,hom,wnt16,wnt16.1 -/-,"(2000, 614, 614)",753992000,0.020017218226011,0.020017218226011,0.020017218226011,,For BMD,LONDON AB,LONDON AB,LONDON AB,111,,17.8897530439839
331,343,EK,479,8,8 months,hom,chsy1,chsy1 -/-,"(2000, 574, 574)",658952000,0.020017218226011,0.020017218226011,0.020017218226011,479_486,from jaw moviment ,LONDON AB,LONDON AB,LONDON AB,274,,26.7620800302101
332,344,EK,480,8,8 months,hom,chsy1,chsy1 -/-,"(2000, 584, 584)",682112000,0.020017218226011,0.020017218226011,0.020017218226011,,from jaw moviment/ histology,LONDON AB,LONDON AB,LONDON AB,206,,31.7858857781932
333,345,EK,481,8,8 months,hom,chsy1,chsy1 -/-,"(2000, 594, 594)",705672000,0.020017218226011,0.020017218226011,0.020017218226011,,from jaw moviment ,LONDON AB,LONDON AB,LONDON AB,220,,29.4336743360596
334,346,EK,482,12,1 year,mosaic,wnt16,wnt16 injected ,"(2000, 574, 574)",658952000,0.020017218226011,0.020017218226011,0.020017218226011,,from jaw moviment ,LONDON AB,LONDON AB,LONDON AB,96,,31.3291808409033
335,347,EK,483,12,1 year,mosaic,wnt16,wnt16 injected ,"(2000, 624, 624)",778752000,0.020017218226011,0.020017218226011,0.020017218226011,,from jaw moviment ,LONDON AB,LONDON AB,LONDON AB,176,,29.2331300768085
336,348,EK,484,12,1 year,hom,col11 ,col11 -/-,"(2000, 594, 594)",705672000,0.020017218226011,0.020017218226011,0.020017218226011,,from jaw moviment ,LONDON AB,LONDON AB,LONDON AB,275,,27.8909661065844
337,349,EK,485,12,1 year,hom,col11 ,col11 -/-,"(2000, 594, 594)",705672000,0.020017218226011,0.020017218226011,0.020017218226011,,from jaw moviment ,LONDON AB,LONDON AB,LONDON AB,192,,29.3746861694177
338,350,EK,486,3,3 months,hom,wnt16,wnt16.1-/-,"(2000, 634, 634)",803912000,0.020017218226011,0.020017218226011,0.020017218226011,,from jaw moviment ,LONDON AB,LONDON AB,LONDON AB,7,,19.9904013378719
339,351,EK,487,3,3 months,hom,wnt16,wnt16.1-/-,"(2000, 670, 670)",897800000,0.020017218226011,0.020017218226011,0.020017218226011,487_494,from jaw moviment ,LONDON AB,LONDON AB,LONDON AB,283,,19.467396934402
340,352,EK,488,18,1.5y,wt,wt,wt,"(2000, 650, 650)",845000000,0.020017218226011,0.020017218226011,0.020017218226011,,from jaw moviment ,LONDON AB,LONDON AB,LONDON AB,290,,29.2078510222584
341,353,EK,489,18,1.5y,wt,wt,wt,"(2000, 644, 644)",829472000,0.020017218226011,0.020017218226011,0.020017218226011,,from jaw moviment ,LONDON AB,LONDON AB,LONDON AB,161,,26.3998383385276
342,354,EK,490,18,1.5y,wt,wt,wt,"(2000, 650, 650)",845000000,0.020017218226011,0.020017218226011,0.020017218226011,,from jaw moviment ,LONDON AB,LONDON AB,LONDON AB,203,,32.1776681932322
343,355,EK,491,18,1.5y,wt,wt,wt,"(2000, 620, 526)",652240000,0.020017218226011,0.020017218226011,0.020017218226011,,from jaw moviment ,LONDON AB,LONDON AB,LONDON AB,334,,28.9717572717378
344,356,EK,492,6,6 months,wt,wt,wt,"(2000, 714, 714)",1019592000,0.020017218226011,0.020017218226011,0.020017218226011,,from jaw moviment ,LONDON AB,LONDON AB,LONDON AB,84,,29.7394037466991
345,357,EK,493,6,6 months,wt,wt,wt,"(2000, 496, 634)",628928000,0.020017218226011,0.020017218226011,0.020017218226011,,from jaw moviment -High Res,LONDON AB,LONDON AB,LONDON AB,301,,30.5848389042914
346,358,EK,494,6,6 months,wt,wt,wt,"(2000, 640, 640)",819200000,0.020017218226011,0.020017218226011,0.020017218226011,,from jaw moviment -High Res,LONDON AB,LONDON AB,LONDON AB,286,,27.292406542581
347,361,EK,497,5,5 months,hom,col9a1,col9a1 -/- ,"(2000, 634, 634)",803912000,0.020694566657056,0.020694566657056,0.020694566657056,497_503,phantom scanned in position 7. HR/ ELIS,LONDON AB,LONDON AB,LONDON AB,264,,20.3227276057549
348,362,EK,498,,,hom,col9a1,col9a1 -/- ,"(2000, 644, 644)",829472000,0.020694566657056,0.020694566657056,0.020694566657056,,High Res/ histology,LONDON AB,LONDON AB,LONDON AB,218,,19.4411649503771
349,363,EK,499,,,hom,col9a1,col9a1 -/- ,"(2000, 660, 660)",871200000,0.020694566657056,0.020694566657056,0.020694566657056,,High Res/ ELIS,LONDON AB,LONDON AB,LONDON AB,253,,21.800413291
350,364,EK,500,3,3 months,hom,wnt16,wnt16.1 -/-,"(2000, 640, 640)",819200000,0.020694566657056,0.020694566657056,0.020694566657056,,,LONDON AB,LONDON AB,LONDON AB,255,,16.9776289580175
351,365,EK,501,3,3 months,hom,wnt16,wnt16.1 -/-,"(2000, 670, 670)",897800000,0.020694566657056,0.020694566657056,0.020694566657056,,,LONDON AB,LONDON AB,LONDON AB,40,,19.5689807290902
352,366,EK,502,3,3 months,hom,wnt16,wnt16.1 -/-,"(2000, 654, 654)",855432000,0.020694566657056,0.020694566657056,0.020694566657056,,,LONDON AB,LONDON AB,LONDON AB,290,,19.160630383482
353,367,EK,503,3,3 months,hom,wnt16,wnt16.1 -/-,"(2000, 634, 634)",803912000,0.020694566657056,0.020694566657056,0.020694566657056,,,LONDON AB,LONDON AB,LONDON AB,180,,19.3475801699062
354,374,EK,510,12,1 year,hom,wnt16,wnt16-/-,"(2000, 630, 630)",793800000,0.020006239655147,0.020006239655147,0.020006239655147,510_516,For OA paper ,LONDON AB,LONDON AB,LONDON AB,74,,24.7957681059384
355,375,EK,511,12,1 year,hom,wnt16,wnt16-/-,"(2000, 594, 594)",705672000,0.020006239655147,0.020006239655147,0.020006239655147,,For OA paper ,LONDON AB,LONDON AB,LONDON AB,248,,21.794389834431
356,376,EK,512,12,1 year,hom,wnt16,wnt16-/-,"(2000, 630, 630)",793800000,0.020006239655147,0.020006239655147,0.020006239655147,,For OA paper ,LONDON AB,LONDON AB,LONDON AB,311,,21.6413947248006
357,377,EK,513,12,1 year,hom,wnt16,wnt16-/-,"(2000, 624, 624)",778752000,0.020006239655147,0.020006239655147,0.020006239655147,,For OA paper ,LONDON AB,LONDON AB,LONDON AB,218,,19.9276634481135
358,378,EK,514,12,1 year,hom,wnt16,wnt16-/-,"(2000, 584, 584)",682112000,0.020006239655147,0.020006239655147,0.020006239655147,,For OA paper ,LONDON AB,LONDON AB,LONDON AB,123,,22.0595331514069
359,379,EK,515,12,1 year,hom,wnt16,wnt16-/-,"(2000, 620, 620)",768800000,0.020006239655147,0.020006239655147,0.020006239655147,,For OA paper ,LONDON AB,LONDON AB,LONDON AB,185,,24.2475960421017
360,380,EK,516,12,1 year,hom,wnt16,wnt16-/-,"(2000, 580, 630)",730800000,0.020006239655147,0.020006239655147,0.020006239655147,,For OA paper ,LONDON AB,LONDON AB,LONDON AB,0,,21.9913177589848
361,381,EK,517,12,1 year,hom,chsy1,chsy1-/-,"(2000, 600, 600)",720000000,0.020006239655147,0.020006239655147,0.020006239655147,517_524,For OA paper CORRECT NAME TO 517_524,LONDON AB,LONDON AB,LONDON AB,212,,27.4386523180351
362,382,EK,518,12,1 year,hom,chsy1,chsy1-/-,"(2000, 610, 470)",573400000,0.020006239655147,0.020006239655147,0.020006239655147,,For OA paper ,LONDON AB,LONDON AB,LONDON AB,249,,30.684590625888
363,383,EK,519,12,1 year,hom,chsy1,chsy1-/-,"(2000, 634, 634)",803912000,0.020006239655147,0.020006239655147,0.020006239655147,,For OA paper ,LONDON AB,LONDON AB,LONDON AB,91,,29.6890254781686
364,384,EK,520,12,1 year,hom,chsy1,chsy1-/-,"(2000, 526, 654)",688008000,0.020006239655147,0.020006239655147,0.020006239655147,,For OA paper ,LONDON AB,LONDON AB,LONDON AB,216,,28.7472630669205
365,385,EK,521,12,1 year,hom,chsy1,chsy1-/-,"(2000, 634, 634)",803912000,0.020006239655147,0.020006239655147,0.020006239655147,,For OA paper ,LONDON AB,LONDON AB,LONDON AB,18,,27.6556401876076
366,386,EK,522,12,1 year,hom,chsy1,chsy1-/-,"(2000, 620, 620)",768800000,0.020006239655147,0.020006239655147,0.020006239655147,,For OA paper ,LONDON AB,LONDON AB,LONDON AB,184,,29.6426846829268
367,387,EK,523,12,1 year,hom,gdf5,gdf5-/-,"(2000, 624, 624)",778752000,0.020006239655147,0.020006239655147,0.020006239655147,,For OA paper ,LONDON AB,LONDON AB,LONDON AB,36,,31.920328862081
368,388,EK,524,12,1 year,hom,gdf5,gdf5-/-,"(2000, 634, 634)",803912000,0.020006239655147,0.020006239655147,0.020006239655147,,For OA paper ,LONDON AB,LONDON AB,LONDON AB,63,,35.4553155984907
369,389,EK,525,12,1 year,hom,ncoa3,ncoa3-/-,"(2000, 590, 590)",696200000,0.020006239655147,0.020006239655147,0.020006239655147,525_532,For OA paper CORRECT NAME TO 525_532,LONDON AB,LONDON AB,LONDON AB,76,,29.1681243173448
370,390,EK,526,12,1 year,hom,ncoa3,ncoa3-/-,"(2000, 614, 614)",753992000,0.020006239655147,0.020006239655147,0.020006239655147,,For OA paper ,LONDON AB,LONDON AB,LONDON AB,184,,29.2667145469789
371,391,EK,527,12,1 year,hom,ncoa3,ncoa3-/-,"(2000, 604, 604)",729632000,0.020006239655147,0.020006239655147,0.020006239655147,,For OA paper ,LONDON AB,LONDON AB,LONDON AB,77,,27.9115823200599
372,392,EK,528,12,1 year,hom,ncoa3,ncoa3-/-,"(2000, 614, 614)",753992000,0.020006239655147,0.020006239655147,0.020006239655147,,For OA paper ,LONDON AB,LONDON AB,LONDON AB,340,,30.8346870408116
373,393,EK,529,12,1 year,hom,ncoa3,ncoa3-/-,"(2000, 604, 604)",729632000,0.020006239655147,0.020006239655147,0.020006239655147,,For OA paper ,LONDON AB,LONDON AB,LONDON AB,140,,29.5428879857716
374,394,EK,530,12,1 year,hom,ncoa3,ncoa3-/-,"(2000, 624, 624)",778752000,0.020006239655147,0.020006239655147,0.020006239655147,,For OA paper ,LONDON AB,LONDON AB,LONDON AB,247,,27.0054305752162
375,395,EK,531,12,1 year,hom,ncoa3,ncoa3-/-,"(2000, 660, 660)",871200000,0.020006239655147,0.020006239655147,0.020006239655147,,For OA paper ,LONDON AB,LONDON AB,LONDON AB,323,,31.4237663755945
376,396,EK,532,12,1 year,hom,ncoa3,ncoa3-/-,"(2000, 640, 640)",819200000,0.020006239655147,0.020006239655147,0.020006239655147,,For OA paper ,LONDON AB,LONDON AB,LONDON AB,69,,26.2093840979919
377,397,EK,533,12,1 year,het,barx1,barx1+/-,"(2000, 594, 594)",705672000,0.020006239655147,0.020006239655147,0.020006239655147,533_540,For OA paper ,LONDON AB,LONDON AB,LONDON AB,80,,29.2246572298097
378,398,EK,534,12,1 year,het,barx1,barx1+/-,"(2000, 640, 640)",819200000,0.020006239655147,0.020006239655147,0.020006239655147,,For OA paper ,LONDON AB,LONDON AB,LONDON AB,331,,21.7709966793745
379,399,EK,535,12,1 year,het,barx1,barx1+/-,"(2000, 614, 614)",753992000,0.020006239655147,0.020006239655147,0.020006239655147,,For OA paper ,LONDON AB,LONDON AB,LONDON AB,296,,27.1324201343867
380,400,EK,536,12,1 year,het,barx1,barx1+/-,"(2000, 624, 624)",778752000,0.020006239655147,0.020006239655147,0.020006239655147,,For OA paper ,LONDON AB,LONDON AB,LONDON AB,61,,28.4899912844291
381,401,EK,537,12,1 year,het,barx1,barx1+/-,"(2000, 604, 604)",729632000,0.020006239655147,0.020006239655147,0.020006239655147,,For OA paper ,LONDON AB,LONDON AB,LONDON AB,187,,28.6131502090759
382,402,EK,538,12,1 year,het,barx1,barx1+/-,"(2000, 516, 614)",633648000,0.020006239655147,0.020006239655147,0.020006239655147,,For OA paper ,LONDON AB,LONDON AB,LONDON AB,147,,25.8887954054174
383,403,EK,539,6,6 months,tg,ras,tgRAS paco,"(2000, 570, 570)",649800000,0.020006239655147,0.020006239655147,0.020006239655147,,For spine cancer,LONDON AB,LONDON AB,LONDON AB,326,,28.3587837473465
384,404,EK,540,6,6 months,tg,ras,tgRAS paco,"(2000, 634, 634)",803912000,0.020006239655147,0.020006239655147,0.020006239655147,,For spine cancer,LONDON AB,LONDON AB,LONDON AB,48,,18.7696621681419
385,405,EK,541,6,6 months,tg,ras,tgRAS paco,"(2000, 680, 680)",924800000,0.020006239655147,0.020006239655147,0.020006239655147,541_548 - wrong numbers given to this dataset,For spine cancer,LONDON AB,LONDON AB,LONDON AB,170,,18.0468009719394
386,406,EK,542,6,6 months,tg,ras,tgRAS paco,"(2000, 680, 680)",924800000,0.020006239655147,0.020006239655147,0.020006239655147,,For spine cancer,LONDON AB,LONDON AB,LONDON AB,316,,29.0692753762649
387,408,EK,544,8,8 months,wt,atg,ATG +/+,"(2000, 634, 634)",803912000,0.020006239655147,0.020006239655147,0.020006239655147,,For Joanna autophagy,LONDON AB,LONDON AB,LONDON AB,131,,25.3369319207824
388,409,EK,545,8,8 months,wt,atg,ATG +/+,"(2000, 634, 634)",803912000,0.020006239655147,0.020006239655147,0.020006239655147,,For Joanna autophagy,LONDON AB,LONDON AB,LONDON AB,293,,26.749592977799
389,410,EK,546,8,8 months,wt,atg,ATG +/+,"(2000, 664, 664)",881792000,0.020006239655147,0.020006239655147,0.020006239655147,,For Joanna autophagy,LONDON AB,LONDON AB,LONDON AB,149,,18.6808031662028
390,411,EK,547,8,8 months,wt,atg,ATG +/+,"(2000, 664, 664)",881792000,0.020006239655147,0.020006239655147,0.020006239655147,,For Joanna autophagy,LONDON AB,LONDON AB,LONDON AB,268,,19.2450351975788
391,412,EK,548,8,8 months,wt,atg,ATG +/+,"(2000, 670, 670)",897800000,0.020006239655147,0.020006239655147,0.020006239655147,,For Joanna autophagy,LONDON AB,LONDON AB,LONDON AB,109,,24.9306262717161
392,413,EK,549,12,1 year,hom,col9,col9-/-,"(2000, 650, 650)",845000000,0.020006239655147,0.020006239655147,0.020006239655147,549_553,For OA paper ,LONDON AB,LONDON AB,LONDON AB,11,,18.1243437420141
393,414,EK,550,12,1 year,hom,col9,col9-/-,"(2000, 634, 634)",803912000,0.020006239655147,0.020006239655147,0.020006239655147,,For OA paper ,LONDON AB,LONDON AB,LONDON AB,277,,21.3319747906285
394,415,EK,551,12,1 year,hom,col9,col9-/-,"(2000, 630, 630)",793800000,0.020006239655147,0.020006239655147,0.020006239655147,,For OA paper ,LONDON AB,LONDON AB,LONDON AB,156,,17.3177433707276
395,416,EK,552,12,1 year,hom,col9,col9-/-,"(2000, 620, 620)",768800000,0.020006239655147,0.020006239655147,0.020006239655147,,For OA paper ,LONDON AB,LONDON AB,LONDON AB,172,,18.0961138892629
396,417,EK,553,12,1 year,hom,col9,col9-/-,"(2000, 616, 620)",763840000,0.020006239655147,0.020006239655147,0.020006239655147,,For OA paper ,LONDON AB,LONDON AB,LONDON AB,91,,18.3825084402104
397,423,EK,559,12,1 year,injected,ctsk,ctsk injected,"(1999, 684, 684)",935244144,0.020006239655147,0.020006239655147,0.020006239655147,559_566,For OA paper ,LONDON AB,LONDON AB,LONDON AB,292,,27.6580557835187
398,424,EK,560,12,1 year,injected,ctsk,ctsk injected,"(2000, 620, 620)",768800000,0.020006239655147,0.020006239655147,0.020006239655147,,For OA paper ,LONDON AB,LONDON AB,LONDON AB,138,,28.7293252669106
399,425,EK,561,12,1 year,injected,ctsk,ctsk injected,"(2000, 600, 600)",720000000,0.020006239655147,0.020006239655147,0.020006239655147,,For OA paper ,LONDON AB,LONDON AB,LONDON AB,240,,27.0637116606328
400,426,EK,562,12,1 year,injected,ctsk,ctsk injected,"(2000, 620, 620)",768800000,0.020006239655147,0.020006239655147,0.020006239655147,,For OA paper ,LONDON AB,LONDON AB,LONDON AB,319,,27.5821956268726
401,427,EK,563,12,1 year,injected,ctsk,ctsk injected,"(2000, 664, 664)",881792000,0.020006239655147,0.020006239655147,0.020006239655147,,For OA paper ,LONDON AB,LONDON AB,LONDON AB,219,,28.3490624105611
402,428,EK,564,12,1 year,injected,ctsk,ctsk injected,"(2000, 600, 600)",720000000,0.020006239655147,0.020006239655147,0.020006239655147,,For OA paper ,LONDON AB,LONDON AB,LONDON AB,157,,28.5897712301366
403,429,EK,565,12,1 year,injected,ctsk,ctsk injected,"(2000, 620, 620)",768800000,0.020006239655147,0.020006239655147,0.020006239655147,,For OA paper ,LONDON AB,LONDON AB,LONDON AB,19,,29.1608357377127
404,430,EK,566,12,1 year,injected,ctsk,ctsk injected,"(2000, 630, 630)",793800000,0.020006239655147,0.020006239655147,0.020006239655147,,For OA paper ,LONDON AB,LONDON AB,LONDON AB,15,,29.417931983049
405,431,EK,567,30,2.5 year,hom,spp1,spp1 -/- #1,"(2000, 670, 656)",879040000,0.021009381812863,0.021009381812863,0.021009381812863,567_573 scanned with phantom where is the tiff? ,Beck's,LONDON AB,LONDON AB,LONDON AB,38,,24.9420122354917
406,432,EK,568,30,2.5 year,hom,spp1,spp1 -/- #1,"(2000, 670, 670)",897800000,0.021009381812863,0.021009381812863,0.021009381812863,,Beck's,LONDON AB,LONDON AB,LONDON AB,7,,27.6397349419727
407,433,EK,569,30,2.5 year,hom,spp1,spp1 -/- #1,"(2000, 600, 600)",720000000,0.021009381812863,0.021009381812863,0.021009381812863,,Beck's,LONDON AB,LONDON AB,LONDON AB,270,,23.6036084025166
408,434,EK,570,30,2.5 year,hom,spp1,spp1 -/- #1,"(2000, 614, 614)",753992000,0.021009381812863,0.021009381812863,0.021009381812863,,Beck's,LONDON AB,LONDON AB,LONDON AB,297,,29.1703739986888
409,435,EK,571,12,1 year,hom,spp1,spp1 -/- #4,"(2000, 680, 680)",924800000,0.021009381812863,0.021009381812863,0.021009381812863,,Beck's,LONDON AB,LONDON AB,LONDON AB,178,,32.27640052945
410,436,EK,572,12,1 year,hom,spp1,spp1 -/- #4,"(2000, 680, 680)",924800000,0.021009381812863,0.021009381812863,0.021009381812863,,Beck's,LONDON AB,LONDON AB,LONDON AB,0,,30.0604526032249
411,437,EK,573,12,1 year,hom,spp1,spp1 -/- #4,"(2000, 680, 680)",924800000,0.021009381812863,0.021009381812863,0.021009381812863,,Beck's,LONDON AB,LONDON AB,LONDON AB,165,,31.102416815395
412,438,EK,574,12,1 year,wt,wt,wt #5,"(2000, 650, 650)",845000000,0.021009381812863,0.021009381812863,0.021009381812863,574_581 ,Beck's,LONDON AB,LONDON AB,LONDON AB,166,,26.2192710490734
413,439,EK,575,12,1 year,wt,wt,wt #5,"(2000, 640, 640)",819200000,0.021009381812863,0.021009381812863,0.021009381812863,,Beck's,LONDON AB,LONDON AB,LONDON AB,192,,26.8161169840511
414,440,EK,576,12,1 year,wt,wt,wt #5,"(2000, 664, 664)",881792000,0.021009381812863,0.021009381812863,0.021009381812863,,Beck's,LONDON AB,LONDON AB,LONDON AB,175,,35.1041227258982
415,441,EK,577,24,2 year ,wt,wt,wt #3,"(2000, 720, 720)",1036800000,0.021009381812863,0.021009381812863,0.021009381812863,,Beck's,LONDON AB,LONDON AB,LONDON AB,322,,36.9816979912506
416,442,EK,578,24,2 year ,wt,wt,wt #3,"(2000, 640, 640)",819200000,0.021009381812863,0.021009381812863,0.021009381812863,,Beck's,LONDON AB,LONDON AB,LONDON AB,341,,33.6826124911449
417,443,EK,579,24,2 year ,wt,wt,wt #3,"(2000, 654, 654)",855432000,0.021009381812863,0.021009381812863,0.021009381812863,,Beck's,LONDON AB,LONDON AB,LONDON AB,95,,28.8308613441985
418,444,EK,580,30,2.5 year,hom,spp1,spp1 -/- #2,"(2000, 654, 654)",855432000,0.021009381812863,0.021009381812863,0.021009381812863,,Beck's,LONDON AB,LONDON AB,LONDON AB,58,,28.6956523526058
419,445,EK,581,30,2.5 year,hom,spp1,spp1 -/- #2,"(2000, 650, 650)",845000000,0.021009381812863,0.021009381812863,0.021009381812863,,Beck's,LONDON AB,LONDON AB,LONDON AB,163,,29.4892442903725
420,446,EK,582,12,1 year,hom,col11a2,Col11a2 -/-,"(2000, 594, 580)",689040000,0.021009381812863,0.021009381812863,0.021009381812863,582_589 ,OA Paper,LONDON AB,LONDON AB,LONDON AB,160,,26.8117269266328
421,447,EK,583,12,1 year,hom,col11a2,Col11a2 -/-,"(2000, 630, 630)",793800000,0.021009381812863,0.021009381812863,0.021009381812863,,OA Paper,LONDON AB,LONDON AB,LONDON AB,198,,27.3012983828522
422,448,EK,584,12,1 year,hom,col11a2,Col11a2 -/-,"(2000, 600, 600)",720000000,0.021009381812863,0.021009381812863,0.021009381812863,,OA Paper,LONDON AB,LONDON AB,LONDON AB,186,,23.233832134558
423,449,EK,585,12,1 year,hom,col11a2,Col11a2 -/-,"(2000, 584, 584)",682112000,0.021009381812863,0.021009381812863,0.021009381812863,,OA Paper,LONDON AB,LONDON AB,LONDON AB,281,,24.424004749375
424,450,EK,586,12,1 year,hom,col11a2,Col11a2 -/-,"(2000, 620, 620)",768800000,0.021009381812863,0.021009381812863,0.021009381812863,,OA Paper,LONDON AB,LONDON AB,LONDON AB,349,,24.92377636928
425,451,EK,587,12,1 year,hom,col11a2,Col11a2 -/-,"(2000, 600, 600)",720000000,0.021009381812863,0.021009381812863,0.021009381812863,,OA Paper,LONDON AB,LONDON AB,LONDON AB,318,,25.28198656428
426,452,EK,588,12,1 year,hom,col11a2,Col11a2 -/-,"(2000, 630, 630)",793800000,0.021009381812863,0.021009381812863,0.021009381812863,,OA Paper,LONDON AB,LONDON AB,LONDON AB,234,,25.4692753951285
427,453,EK,589,12,1 year,hom,col11a2,Col11a2 -/-,"(2000, 614, 614)",753992000,0.021009381812863,0.021009381812863,0.021009381812863,,OA Paper,LONDON AB,LONDON AB,LONDON AB,190,,28.0609224046363
428,454,EK,590,24,2 year ,hom,il10,IL10 -/-,"(2000, 614, 614)",753992000,0.021009381812863,0.021009381812863,0.021009381812863,590_595 with phantom,this data was repeated in lower res with phantom. Use higher res for bmd,LONDON AB,LONDON AB,LONDON AB,255,,27.8940590918774
429,455,EK,591,24,2 year ,hom,il10,IL10 -/-,"(2000, 634, 634)",803912000,0.021009381812863,0.021009381812863,0.021009381812863,,EK Spine,LONDON AB,LONDON AB,LONDON AB,278,,23.1355184197733
430,456,EK,592,24,2 year ,hom,il10,IL10 -/-,"(2000, 614, 614)",753992000,0.021009381812863,0.021009381812863,0.021009381812863,,EK Spine,LONDON AB,LONDON AB,LONDON AB,193,,26.9541079156364
431,457,EK,593,24,2 year ,hom,il10,IL10 -/-,"(2000, 604, 604)",729632000,0.021009381812863,0.021009381812863,0.021009381812863,,EK Spine,LONDON AB,LONDON AB,LONDON AB,143,,33.54022941752
432,458,EK,594,24,2 year ,hom,il10,IL10 -/-,"(2000, 620, 620)",768800000,0.021009381812863,0.021009381812863,0.021009381812863,,EK Spine,LONDON AB,LONDON AB,LONDON AB,83,,31.1512267362402
433,459,EK,595,24,2 year ,hom,il10,IL10 -/-,"(2000, 600, 600)",720000000,0.021009381812863,0.021009381812863,0.021009381812863,,EK Spine,LONDON AB,LONDON AB,LONDON AB,266,,36.1061856574344
434,460,EK,596,24,2 year ,hom,il1b,IL1b -/-,"(2000, 654, 654)",855432000,0.020056168730695,0.020056168730695,0.020056168730695,596_600 with phantom,EK Spine,LONDON AB,LONDON AB,LONDON AB,171,,29.1739099905829
435,461,EK,597,24,2 year ,hom,il1b,IL1b -/-,"(2000, 654, 654)",855432000,0.020056168730695,0.020056168730695,0.020056168730695,,EK Spine,LONDON AB,LONDON AB,LONDON AB,18,,31.4932060631903
436,462,EK,598,24,2 year ,hom,il1b,IL1b -/-,"(2000, 684, 684)",935712000,0.020056168730695,0.020056168730695,0.020056168730695,,EK Spine,LONDON AB,LONDON AB,LONDON AB,158,,35.329607047556
437,463,EK,599,24,2 year ,hom,il1b,IL1b -/-,"(2000, 640, 640)",819200000,0.020056168730695,0.020056168730695,0.020056168730695,,EK Spine,LONDON AB,LONDON AB,LONDON AB,358,,31.7083979412422
438,464,EK,600,24,2 year ,hom,il1b,IL1b -/-,"(2000, 614, 614)",753992000,0.020056168730695,0.020056168730695,0.020056168730695,,EK Spine,LONDON AB,LONDON AB,LONDON AB,68,,30.1983469645202
439,486,EK,622,10,10 months,het,irf6,irf6 +/-,"(2000, 650, 650)",845000000,0.020058142320549,0.020058142320549,0.020058142320549,low res scanned with.  Phantom at first. Position,EK_622_627,LONDON AB,LONDON AB,LONDON AB,206,,29.8737399294267
440,487,EK,623,10,10 months,het,irf6,irf6 +/-,"(2000, 620, 620)",768800000,0.020058142320549,0.020058142320549,0.020058142320549,low res scanned with.  Phantom at first. Position,,LONDON AB,LONDON AB,LONDON AB,144,,29.398430879869
441,488,EK,624,10,10 months,het,irf6,irf6 +/-,"(2000, 584, 584)",682112000,0.020058142320549,0.020058142320549,0.020058142320549,low res scanned with.  Phantom at first. Position,,LONDON AB,LONDON AB,LONDON AB,266,,29.6325525027925
442,489,EK,625,10,10 months,het,irf6,irf6 +/-,"(2000, 630, 630)",793800000,0.020058142320549,0.020058142320549,0.020058142320549,low res scanned with.  Phantom at first. Position,,LONDON AB,LONDON AB,LONDON AB,241,,34.2898343944073
443,490,EK,626,10,10 months,het,irf6,irf6 +/-,"(2000, 630, 630)",793800000,0.020058142320549,0.020058142320549,0.020058142320549,low res scanned with.  Phantom at first. Position,,LONDON AB,LONDON AB,LONDON AB,33,,33.049081797534
444,491,EK,627,10,10 months,het,irf6,irf6 +/-,"(2000, 600, 600)",720000000,0.020058142320549,0.020058142320549,0.020058142320549,low res scanned with.  Phantom at first. Position,,LONDON AB,LONDON AB,LONDON AB,341,,29.5908325919451
445,492,EK,628,10,10 months,het,irf6,irf6 +/-,"(2000, 610, 610)",744200000,0.020058142320549,0.020058142320549,0.020058142320549,low res scanned with.  Phantom at first. Position,"EK_628_634 named wrong!, 634 is not included. ",LONDON AB,LONDON AB,LONDON AB,323,,30.7134087161708
446,493,EK,629,10,10 months,het,irf6,irf6 +/-,"(2000, 624, 624)",778752000,0.020058142320549,0.020058142320549,0.020058142320549,low res scanned with.  Phantom at first. Position,,LONDON AB,LONDON AB,LONDON AB,218,,28.339526762523
447,494,EK,630,10,10 months,het,irf6,irf6 +/-,"(2000, 554, 554)",613832000,0.020058142320549,0.020058142320549,0.020058142320549,low res scanned with.  Phantom at first. Position,,LONDON AB,LONDON AB,LONDON AB,146,,33.929027430071
448,495,EK,631,10,10 months,het,irf6,irf6 +/-,"(2000, 604, 604)",729632000,0.020058142320549,0.020058142320549,0.020058142320549,low res scanned with.  Phantom at first. Position,,LONDON AB,LONDON AB,LONDON AB,319,,30.25885053276
449,496,EK,632,10,10 months,het,irf6,irf6 +/-,"(2000, 620, 620)",768800000,0.020058142320549,0.020058142320549,0.020058142320549,low res scanned with.  Phantom at first. Position,,LONDON AB,LONDON AB,LONDON AB,323,,29.3910896284518
450,497,EK,633,10,10 months,het,irf6,irf6 +/-,"(2000, 620, 620)",768800000,0.020058142320549,0.020058142320549,0.020058142320549,low res scanned with.  Phantom at first. Position,,LONDON AB,LONDON AB,LONDON AB,224,,29.1334492627661
451,498,EK,634,10,10 months,het,irf6,irf6 +/-,"(2000, 620, 620)",768800000,0.020058142320549,0.020058142320549,0.020058142320549,low res scanned with.  Phantom at first. Position,EK_634_639,LONDON AB,LONDON AB,LONDON AB,184,,28.658759179677
452,499,EK,635,10,10 months,het,irf6,irf6 +/-,"(2000, 620, 620)",768800000,0.020058142320549,0.020058142320549,0.020058142320549,low res scanned with.  Phantom at first. Position,,LONDON AB,LONDON AB,LONDON AB,139,,33.4488463258483
453,500,EK,636,10,10 months,het,irf6,irf6 +/-,"(2000, 614, 614)",753992000,0.020058142320549,0.020058142320549,0.020058142320549,low res scanned with.  Phantom at first. Position,,LONDON AB,LONDON AB,LONDON AB,129,,31.1000610359649
454,501,EK,637,10,10 months,het,irf6,irf6 +/-,"(2000, 634, 634)",803912000,0.020058142320549,0.020058142320549,0.020058142320549,low res scanned with.  Phantom at first. Position,,LONDON AB,LONDON AB,LONDON AB,257,,31.9834729152337
455,502,EK,638,10,10 months,het,irf6,irf6 +/-,"(2000, 640, 640)",819200000,0.020058142320549,0.020058142320549,0.020058142320549,low res scanned with.  Phantom at first. Position,,LONDON AB,LONDON AB,LONDON AB,341,,29.3339147733959
456,,QT,51,6,6 months,hom,col11a2,Col11a2 -/-,"(1970, 684, 684)",921676320,0.020236032693883,0.020236032693883,0.020236032693883,,,,,,91,,22.6345953821003
457,,QT,52,6,6 months,hom,col11a3,Col11a2 -/-,"(1970, 670, 670)",884333000,0.020236032693883,0.020236032693883,0.020236032693883,,,,,,179,,24.5634976897626
458,,QT,53,6,6 months,hom,col11a4,Col11a2 -/-,"(1970, 660, 660)",858132000,0.020236032693883,0.020236032693883,0.020236032693883,,,,,,107,,24.533599201119
459,,QT,54,6,6 months,hom,col11a5,Col11a2 -/-,"(1970, 654, 654)",842600520,0.020236032693883,0.020236032693883,0.020236032693883,,,,,,182,,23.264497929589
460,,QT,55,6,6 months,hom,col11a6,Col11a2 -/-,"(1970, 684, 684)",921676320,0.020236032693883,0.020236032693883,0.020236032693883,,,,,,187,,25.8130400296049
461,,QT,56,6,6 months,hom,col11a7,Col11a2 -/-,"(1955, 624, 624)",761230080,0.020236032693883,0.020236032693883,0.020236032693883,,,,,,76,,25.1978985429915
462,,QT,57,6,6 months,hom,col11a8,Col11a2 -/-,"(1955, 614, 614)",737027180,0.020236032693883,0.020236032693883,0.020236032693883,,,,,,338,,24.2219343096481
463,,QT,58,6,6 months,hom,col11a9,Col11a2 -/-,"(1955, 594, 594)",689794380,0.020236032693883,0.020236032693883,0.020236032693883,,,,,,235,,26.0527052197101
464,,QT,59,6,6 months,hom,col11a10,Col11a2 -/-,"(1955, 614, 614)",737027180,0.020236032693883,0.020236032693883,0.020236032693883,,,,,,140,,24.2126104368951
465,,QT,60,6,6 months,hom,col11a11,Col11a2 -/-,"(1955, 624, 624)",761230080,0.020236032693883,0.020236032693883,0.020236032693883,,,,,,197,,24.8310859315069
