,Dens1,Dens2,Dens3,Vol1,Vol2,Vol3
1,1.6531640112996695,1.4335097436493656,1.8494220874159015,0.09958564712940907,0.006632564446530539,0.08104847983013141
2,1.681051236379715,1.4260905836112916,1.858388103229206,0.09641108636867651,0.006405810106478212,0.07302299586613659
3,1.7126000106167978,1.4434929966838441,1.9121574592703936,0.10897975550300544,0.006341023152177548,0.08056257767287643
4,1.7041763462888027,1.4705198748760222,1.8496694209484839,0.1050277512906649,0.0060737769656873065,0.05663999479735603
5,1.7172336496480758,1.4031265952166918,1.872378722024214,0.12657751196492345,0.006284334567164466,0.08274913738052386
6,1.6673358494947192,1.4477117434370241,1.8187061853235575,0.09245098378704839,0.005798432409909481,0.0659855129552269
7,1.8150973921349889,1.5620479921549846,1.9445608994317445,0.10472811162702432,0.006835023678720116,0.06898190959163263
8,2.301414509583482,1.976165291464286,2.3865679276580916,0.09958627087769076,0.006899761878751882,0.06619212475803901
9,2.2233126616395915,1.9669113761659753,2.399085709329144,0.0904684152818814,0.005917838968433952,0.06813843624099063
10,2.245930940885157,1.9100109248960224,2.397808359632138,0.1207151477872105,0.006645513982330275,0.07470504570374178
11,2.2858181551198142,1.8903602618411524,2.4057012592770373,0.08469961818376356,0.005838934448854832,0.06955871759341478
12,2.342558243644975,1.9814527146422605,2.423084156503463,0.11413977115561721,0.00719784561938411,0.07318832549405427
13,2.1954632795205224,1.9158644619637302,2.406165023772812,0.10575835774254631,0.007408257671595095,0.0879084019799811
14,2.1653258041910033,1.850895725323637,2.40394336957536,0.08405084768944636,0.006128251020644937,0.06519266751003684
15,1.6959866035010878,1.3024047393697213,1.973973602861751,0.11777814622509883,0.004865778707379027,0.06346553524813833
16,1.8590926709436497,1.492700859561365,2.041323097875475,0.09970024407263837,0.003690978082534361,0.052778356429588724
17,1.7894197421364852,1.4028116045380556,1.9701899439153703,0.08820648572061332,0.006443869098961414,0.05843318033275895
18,1.872191099313087,1.5316207278233904,2.045841577411059,0.11246524190677146,0.006698116995383021,0.06814720340983275
19,1.7300413600903626,1.2067222144286374,1.9494694491035092,0.09925311846169003,0.005435644682117111,0.05710057066875604
20,1.9552073869192403,1.6013018097591247,2.0820260382936056,0.12958752265544035,0.00615455252717131,0.05357616879422204
21,1.77730633758043,1.3277260038041672,2.0268479790020097,0.09889366453916293,0.005558385045906853,0.05152465128516494
22,2.093675932017464,1.8385441779313356,2.355271001469807,0.08648812062755694,0.006005510656855196,0.046895586136523275
23,2.1434080884462823,1.7270738995461492,2.352335272449647,0.09728927264105416,0.005190163954537629,0.05568028931633189
24,2.066933318795192,1.6834971662043883,2.3136713818813246,0.10206737966001195,0.006303594397487424,0.05747755892896739
25,2.1338537850805706,1.7713712201710146,2.308763316918005,0.09075773185367152,0.005295369980643122,0.04897340515210675
26,2.137351083428998,1.7275461285906801,2.3413757963470454,0.0878733333046126,0.005304137149485246,0.04717613553947125
27,2.1115108393698363,1.8048917367834711,2.2798635018967848,0.0783434207732234,0.0058652359553812055,0.04501064483546653
28,2.3370611865717295,1.968423808193677,2.4278899147956277,0.1264050403657492,0.006364964579382295,0.08842566494166643
29,1.790757319719745,1.489043270886944,1.9390234631533272,0.07344257339047587,0.004629065148641669,0.05376904650874878
30,1.7826441695917021,1.3649189580762322,1.931732930595905,0.06044086199760543,0.004252076888430321,0.044616122237570936
31,1.6962119691637974,1.3152914026140627,1.8771007080128226,0.07832588643553914,0.004488790447167679,0.04847367652810566
32,1.5145487809086227,1.0877186205613605,1.7693970092178006,0.08028973225617501,0.0034805660303233762,0.04808792109905219
33,1.7372827937147963,1.3994752351181607,1.8701202459950452,0.06250114667550466,0.004322214239167316,0.04366050083377938
34,1.6412524004230606,1.2805719902774202,1.8544337916374656,0.066472674160987,0.0037786497709556047,0.0394960956337703
35,1.7777029359542573,1.373635299861807,1.9212984624677556,0.06957625193109902,0.0037961841086398534,0.046983257824944516
36,1.8273777512806582,1.2650246090654178,1.9625146871395045,0.06894852120973226,0.003977955421260899,0.03743337234170204
37,1.8381180441649945,1.2545106433304507,1.9810662702044544,0.06867249981315497,0.003807471617492574,0.034567620783120215
38,1.8266186289510544,1.3084918783939081,2.01235623030435,0.06786067217616296,0.003726288853793372,0.03523331944545367
39,1.7731937835586185,1.214883081841711,1.9333716444610534,0.06389895330764189,0.003401557798996564,0.031807406817347346
40,1.7610115860200064,1.1337218977176964,1.9521666485502627,0.062129169058999296,0.0030930632969395962,0.03153950369713998
41,1.7917571487501334,1.3169470344626366,1.9743563085712577,0.06247013666653594,0.0037019340246836115,0.03236756788687184
42,1.8326619523646628,1.2090365227021278,1.9517925192003878,0.06195868525523097,0.0037181705774234517,0.03187235302830671
43,2.303077799634197,1.9934763205146633,2.421960291046253,0.11346103054600472,0.0062267179757287934,0.06717873696108966
44,2.2659459247328133,2.0479386705941147,2.388011509877123,0.09346571584689127,0.0045949444253748336,0.05599987039970954
45,2.189412565288464,1.712026234618363,2.3524858111442852,0.0966156070784203,0.005682793458944141,0.0751914757382009
46,2.2222818801302124,2.06657803140122,2.4283131005758007,0.11214586977407764,0.006429674884976799,0.08937410455645149
47,2.251807719239685,1.947418728599034,2.4158821285829606,0.08367507454476751,0.004887202374691961,0.0744283577594284
48,2.226552828093211,1.9987881811429375,2.4137415879967516,0.0940421134691556,0.005739621393533582,0.07155448792447665
49,2.2951927503537117,2.0921558592504303,2.390495216336688,0.09896990722569717,0.004197148883248744,0.04948901275103354
50,2.2414207605567813,1.6859324223821341,2.2672336615249398,0.042109493449339175,0.0029956435478708607,0.028284070788027315
51,2.200689434021961,1.6450102572168162,2.2356224178151423,0.03683261457097587,0.0029063425206985586,0.021968052684386313
52,2.2364150203265782,1.603309438898488,2.2570790345134437,0.04269400926355788,0.0029063425206985586,0.026165200961484513
53,2.1420343780616466,1.6670734849952082,2.1827861422218455,0.03273288559624746,0.002321826706479854,0.01915912946605754
54,2.129654661651384,1.5256684638659697,2.247947010255182,0.04141132178235572,0.0026871490903665448,0.02463084694916041
55,1.9468663530851285,1.4391337531808346,2.177054480473885,0.040859279068926946,0.002208170853715106,0.023096492936836313
56,2.1916403516531804,1.6957032574860942,2.246178262030199,0.03461632544206328,0.0027520952919464006,0.021156225164638113
57,2.1064615524978754,1.853338053838238,2.3181924618291316,0.08868281059466994,0.006399261269999336,0.06830441441132981
58,2.145129321304302,1.8428741994889335,2.3811632499609665,0.0835497133192694,0.0054154176255475665,0.07781775469507214
59,2.1741016389188035,2.0155970459512824,2.38331251248805,0.10380833723285018,0.006399261269999336,0.07389949044151639
60,2.18901644336093,1.8979988642991936,2.359727037429685,0.0961600222925034,0.005834620569705277,0.07025499137598201
61,2.1498535252485294,1.8725568094989038,2.3256384748917123,0.11118288698517563,0.005697737975694596,0.0704432049427467
62,2.2305574667245454,2.0378009156532406,2.422990876058804,0.1291230619627005,0.0069981226187960655,0.07910102901392227
63,2.256715905360942,1.806620917685068,2.3750657439915637,0.11397186983814325,0.00557796570593525,0.057276810431344326
64,1.708502472656809,1.2403707119978415,1.8390492695938265,0.0770681079454102,0.004641875700967842,0.0501341106146447
65,1.7596022592766736,1.3363005862185975,1.8911817309194259,0.07208341906892178,0.004623345259047811,0.04699320070919939
66,1.705096232867222,1.199572143835318,1.8188998910036709,0.08242340566029925,0.004567753933287717,0.04869800136584228
67,1.7393470531123532,1.19096063573904,1.8406861486163073,0.07259300622172264,0.004400979956007436,0.04842930995800182
68,1.759231459392078,1.2348738317495485,1.8863099816658269,0.08024607873469558,0.004799384457288109,0.05600826070329463
69,1.7492237425948096,1.2236781515762798,1.8798020015505421,0.08420232808462226,0.0049568932136083745,0.04837371863224173
70,1.7531537514186468,1.2153269883767,1.8637931673638748,0.09870239888704675,0.0046511409219278585,0.054173746953211525
71,1.799229652685157,1.3637490549230393,1.9231784271900814,0.0787821738230131,0.005540602134089361,0.04700246593015941
72,1.981758956236914,1.276153563731239,2.1127821723701654,0.09305270471054226,0.004587528391542342,0.051624719061155525
73,2.0354971465265335,1.7746920237538846,2.1758789760008157,0.13446065748485678,0.008343692467586835,0.07345053645235806
74,2.0421118871508375,1.7772115704677325,2.209083628268907,0.13530203823789075,0.008143363716864463,0.09175056783084684
75,2.0057427507724905,1.7302608564616757,2.2145449634766226,0.12821040046231874,0.007241884338613784,0.08192444260791444
76,1.9820778375810388,1.415278062788246,2.1342272988727653,0.08643183949916784,0.004647627016759054,0.053207316191862274
77,1.9419151620265838,1.4068161803702894,2.058302275366989,0.06705003286677824,0.004948120142842614,0.04384194709559133
78,1.9685024522337553,1.394616415856976,2.1156839353345243,0.07408157201713354,0.004557479078933986,0.05269647787752022
79,,1.1021972991531257,1.3581590466926088,0.0,2.00328750722373e-05,0.0006410520023115937
80,2.0270039671739886,1.764788162346653,2.2160892404114088,0.1335191123564616,0.007852887028317022,0.08340687536326001
81,2.0118910341710117,1.7555293784404074,2.1775069996105816,0.13540220261325192,0.008714300656423226,0.07425185145524756
82,2.052285468375438,1.6970821948228771,2.2050888638345545,0.14542865658690668,0.008073248654111633,0.0880244530674107
83,2.0131413061866996,1.6865829571602478,2.1691656403793322,0.13246738641516917,0.007602476089914056,0.07731688134129987
84,2.035648809642831,1.7186215466818935,2.162588280122458,0.1190153108041618,0.0071317035257164796,0.08087271666662199
85,2.075151554931433,1.7357118646399705,2.2151010068750683,0.13451073967253735,0.00794303496614209,0.08391771367760206
86,2.0629653395062597,1.7954206770907168,2.247130056290439,0.13794637774742605,0.00794303496614209,0.0923715869580862
87,2.0642737896038237,1.8561535521264267,2.259253631909199,0.12591663626654756,0.008043199341503276,0.08969719813594251
88,2.1106082084492153,1.708384275818337,2.2600777529723,0.12566457410808993,0.0073640173165382145,0.08599902146444793
89,1.9997346905393838,1.6873956984700813,2.179644765842738,0.13840200372856978,0.00799905695245859,0.08758662055424887
90,1.962734528410194,1.5711440617526002,2.1510404126104343,0.11712817592523717,0.007022072897196473,0.08742786064526878
91,2.0497918041030068,1.7404751292284293,2.232852220550979,0.15530382788460442,0.008121179959366356,0.11195016043234794
92,1.9798171910206381,1.6716818834310314,2.1602947398427874,0.10933672808452177,0.008047906155221697,0.08337337681593099
93,2.0716448852846376,1.7249176823828607,2.22740922399204,0.15872327207802184,0.007754810938643062,0.09457205654937302
94,1.9251295004417055,1.610764523281731,2.1044711454416216,0.10220474448110832,0.006240485652986779,0.06506713808045705
95,2.077229248147329,1.7909790329498725,2.317204540665189,0.12565236180739914,0.007266318911012003,0.099982105755387
96,1.9942121786074982,1.6406011059473715,2.190716721163605,0.15331313247002787,0.007745965969675284,0.11524391175953344
97,1.9834618017800827,1.7210222746233614,2.185294921834034,0.15205667979601697,0.008911746801231765,0.11311960002203053
98,1.9737670624061825,1.568948457338871,2.1776693770205724,0.1758904212411717,0.008367715746505407,0.13817093478014425
99,1.9606313746534547,1.7067291902206216,2.1195921158846054,0.15722497481591738,0.010284777558398286,0.11186314734801965
100,1.9836845406126158,1.6483041944703671,2.17747149726735,0.17844218595024533,0.010103433873489501,0.1322384056595568
101,2.0337002370434454,1.6578106758451143,2.161346794787669,0.15143493001918687,0.00755166916441587,0.09813283977635444
102,1.927759276424419,1.7066832678946648,2.1276237899404364,0.15244527340653583,0.008069793978440973,0.10977769497156861
103,,1.2447356374456413,,0.0,7.771872210376539e-05,0.0
104,1.965820913375558,1.6927552897314875,2.1845251411852633,0.10404393524430847,0.007186978769311642,0.08263505067338295
105,1.9774067071780494,1.6333463241222475,2.1286973173369783,0.0876831683420955,0.005625914269348324,0.0632231122485144
106,1.9742340416606101,1.5065390623238397,2.1370287902308833,0.08895026615050729,0.005007570538843373,0.06399350771602877
107,2.015277206545471,1.6216391108189048,2.1766219024552727,0.09328880904650923,0.006041522350507389,0.06424692727771113
108,1.9820873860134203,1.5232541456887243,2.0832357460657285,0.11268047390644319,0.0060212487855728,0.07199142908272396
109,1.9932863681758786,1.627658049706875,2.1468727659214726,0.09272114922834075,0.006345625824526218,0.06899094147240485
110,1.9804707081498398,1.654203463521791,2.169959885343939,0.10437844906572917,0.006720686775816106,0.06552416186859021
111,2.0444084841396175,1.621772224642338,2.2150043468459653,0.08771357868949738,0.005027844103777961,0.06264531564787863
112,2.0468367373708154,1.5707647623756804,2.1804331540428796,0.12853440168529143,0.006639592516077751,0.07604614206964166
113,1.9190243665273354,1.3436176503054256,2.0347592232162515,0.048930248969629477,0.0038114302077026482,0.032011959031715324
114,1.9123178739369886,1.3784017927049501,2.0452955177222383,0.05425205976495897,0.004368953243403834,0.03872250902506414
115,1.9300201722431063,1.4437646699787738,2.061267605892532,0.0504811766871255,0.004308132548600067,0.03789129286274601
116,2.0348148978571134,1.5840574075819405,2.1745688337783693,0.11175802670191941,0.006893012077760109,0.07158595778403219
117,2.011054050589761,1.5923058595065624,2.2234731621015564,0.10812905857862805,0.007339030506321057,0.07796199395596029
118,0.2894687317209637,0.2950622531762384,,0.00015205173700941416,0.001064362159065899,0.0
119,1.9361693856943805,1.2383554333470188,2.043938344038434,0.06508828022249655,0.0037810198603007656,0.04064849769385005
120,1.9412009457892887,1.3684652282762437,2.075186870279682,0.07749623596886682,0.003991018051985644,0.0413389459322618
121,1.888364021055527,1.3599354676260165,2.0196162454968167,0.06038915143099995,0.0031718592155399027,0.03450944726096417
122,1.9207346536227365,1.3938395406221251,2.049486717057708,0.058855609888351534,0.003038507777048736,0.032061495854376315
123,1.9119283445820296,1.3995226799861349,2.065419711083514,0.056369558070766206,0.0035909637365121425,0.032585376505591616
124,1.918660586118231,1.3645141623368067,2.052035841104296,0.07487683271279032,0.003181384318289272,0.035681034899136564
125,1.9148979095503527,1.3937877176900564,2.05840709294745,0.07197167637423275,0.0038671917162438458,0.03945297558788672
126,1.9069949371289834,1.387439113163458,2.100796067210256,0.06419919253074759,0.0035909637365121425,0.041034142644281985
127,2.0246497046703924,1.4198234987766458,2.185982397027767,0.08263979145352612,0.0037243151750033093,0.04062456322605912
128,1.9888521990010042,1.5378178353644212,2.0667357120994927,0.09674942496338057,0.0064712459646784565,0.059935771448947905
129,1.996176595318906,1.29335339336456,2.110693510382009,0.08746619545807333,0.005034555684095193,0.06470018024267701
130,1.9400729340616156,1.2503275986584617,1.999638597033881,0.08300877176703295,0.004481982499255477,0.0485404844371422
131,2.0426843177249294,1.5461052199748904,2.126531017613442,0.11794367645301057,0.0076869069713258326,0.07543237943267506
132,2.068758191439256,1.4322074467979988,2.144736189120922,0.16874357124594183,0.007109774978271017,0.0977317772919845
133,2.0403708763932964,1.6295893120651306,2.2205204463671646,0.15667291700822092,0.007699186375433382,0.10248390668160606
134,1.9493594619386418,1.4238526451299558,2.12365963975647,0.11475103138504777,0.0061028638414519784,0.07316068967277845
135,2.0876477797883246,0.8505339104143526,2.1338521811816955,0.07809701012401325,0.0027137483077683848,0.05926040422303269
136,2.076154001744634,1.723183300828317,2.250926914388838,0.1166339571564839,0.007268558108287911,0.08548138894275535
137,1.9836430610358997,1.3664522774090198,2.145627383796074,0.09009866464987487,0.004493698985031166,0.055317434505733655
138,1.8976226863805277,0.627416734291878,1.9447515176047716,0.08940214130719505,0.0009886137767068565,0.04581326115239274
139,2.0216565496754044,1.7134045277996472,2.2157252538249095,0.07523575525688429,0.0063922868062068336,0.056676778448705584
140,2.064926125150977,1.650108648876396,2.238906704521947,0.09010989889733746,0.006279944331581054,0.0701466411563365
141,2.0380037482313527,1.665366630934211,2.1993305050150274,0.08421191897948405,0.0062462415891933205,0.05953027730420037
142,2.11539837192315,1.7645242821007223,2.284523848964569,0.09786152964651622,0.006706845735159016,0.06457445441489786
143,2.0268811558525,1.1075825910004526,2.190552302818934,0.07402245653092589,0.002774859123256745,0.045891900884630785
144,2.0663435882069163,1.6261292991636498,2.235191246905135,0.11796250564636745,0.0066104592536128624,0.07867586246153377
145,1.9810289347901664,1.4123227351811698,2.0111546334821706,0.08354252815341773,0.0058240425493037455,0.05184651576669812
146,2.0077212953967596,1.4440549970362302,2.1288704618693575,0.1257240965975922,0.005926618641170152,0.06780279672369469
147,2.05441452958764,1.6525722105717549,2.2162857271683305,0.08791910807305106,0.006325525665095066,0.06269678681745579
148,2.0091899433900546,1.567033095861484,2.1431898475042366,0.10877624675255372,0.006542075192368591,0.06527258645765666
149,2.038669732018128,1.650858874416926,2.1941171010444034,0.11245758871620364,0.007214518461270589,0.07102824494571613
150,2.0770253571584143,1.6639699801104226,2.2387742744102335,0.1126057541822329,0.006416704413420761,0.0732165349055328
151,,0.29115600962705596,1.126712122489792,0.0,0.0002507415578956603,0.0002165495272735248
152,2.0042376928380388,1.6033299989544763,2.1476437438455296,0.0972079430587312,0.006154565511984389,0.06545494395430805
153,1.9082301124231043,1.4703659665650997,2.0823440924216445,0.07258968101079365,0.005322559433512425,0.04707102882313986
154,2.0609145902672092,1.6553299627243916,2.216959099906336,0.10119701329798035,0.006382512382798625,0.06380232914090483
155,1.9710574234671396,1.5368157015059405,2.0952338504490324,0.10727179740517975,0.006302730978013643,0.061500065745681044
156,1.9822291868339772,1.5611381863439027,2.11899615103102,0.10695267178603983,0.006234346916769371,0.06852082936675953
157,2.0119761813968418,1.6371070716862612,2.153225469231338,0.09743588992954545,0.006393909726339337,0.06093019856864545
158,2.017643915213956,1.6157375655690973,2.181078038928059,0.11498779898224167,0.006371115039257914,0.07134737056485606
159,2.018171720943886,1.6875933498158284,2.2125383107987853,0.05955112000021932,0.005060420532076053,0.0379531539905704
160,1.9755515622049273,1.542999833236383,2.111223221051253,0.0725688688708608,0.004956113868086862,0.04474215049292645
161,1.7966029153149004,1.13202228548794,1.9544911334532218,0.05113808400253262,0.002860049900160798,0.027552467017644945
162,1.862820855283839,1.263354006772518,1.9972242794364294,0.05487965613219504,0.0032420428662781648,0.030755331118167483
163,1.8389754016273472,1.2030449961004737,2.008573036218381,0.051539666351527805,0.0028208711344051706,0.02742513602893916
164,1.822207950410126,1.3056544646510904,1.9998425489924156,0.05916973098243623,0.0034477313864952086,0.034898485596825075
165,1.7964558728074862,1.3780638710532356,1.9998455854511512,0.0654089494290199,0.00465247843348075,0.04116708811772546
166,1.9598676344596038,1.316345076725028,2.099848911005562,0.05713243516314361,0.0030853278032556553,0.029070644190675506
167,1.8303155224223717,1.2184030084464283,1.9813432060108902,0.055143231699777355,0.002862769863489549,0.03241563192987861
168,1.872263490940536,1.3871857040707893,2.0167075909481844,0.05414824461307672,0.0030024171739036734,0.03079223194631442
169,1.7898267126236935,1.1570688295891742,1.9476660993178012,0.053284176879889324,0.0030373290015072046,0.031211173877556793
170,1.7960012291713752,1.169230939160072,1.9622025159834373,0.048230689834278195,0.003255527924029274,0.028985544867831687
171,1.801984327226959,1.230811255960033,1.947729736897741,0.049557339283212376,0.003176976311921329,0.027126490047943656
172,1.7925989354900027,1.2184869303975991,1.9684864315131945,0.048248145748079965,0.0026620268547692455,0.03132463731726827
173,1.7959440983539048,1.160890423448681,1.9153244118554709,0.049173309179573535,0.0024612838460489417,0.024394639537967347
174,1.8863981901054887,1.2462540073155848,2.019061206429282,0.0476197328512164,0.0027405784668771906,0.027571615849888678
175,1.9552001771547955,1.5252705333548366,2.111989478037793,0.15889191097369468,0.008680057835452865,0.10181806478007067
176,1.8233544180007837,1.4054091359306387,2.0234591685792305,0.09096799248575459,0.005523673168015459,0.06260984898924665
177,1.8815753621280111,1.4783095322098159,2.014734539825816,0.12610743116621007,0.008926650387596411,0.08038917199879642
178,1.8679960914505402,1.3912107265803473,1.9892964109086257,0.11423399978049828,0.007348458053877709,0.07084604023084114
179,1.8986143444234043,1.4502292822783163,2.0170362851545303,0.10276744610582333,0.006990898853269565,0.07223928815045218
180,1.8396683531350184,1.3534696693768034,2.0186333413700557,0.11676157343996964,0.0070895358741269844,0.08316333821041132
181,1.8443744465746692,1.379416020473552,2.030090045059971,0.11108994474066805,0.006399076728125052,0.07098166613452009
182,1.9630591648467937,1.527261216598571,2.106479725533086,0.10433330881193485,0.005794924975373361,0.06698686678979462
183,1.9515313088963764,1.5226188468424455,2.1123726180230857,0.10117646022614253,0.005974015187603533,0.07378807104838875
184,1.9217282912747315,1.4142199418655728,1.9978909487109398,0.09955943355882127,0.004907226761245759,0.058718280857103136
185,1.8803171640879919,1.360110239740652,2.0627012525247808,0.11841351532571287,0.005760657502331978,0.073541025307548
186,1.9127009193967723,1.3297638519908366,2.028576700046539,0.11577461763945943,0.0061424554654494964,0.05921237233878463
187,1.9011776506093254,1.4921819783479957,2.0778214273767652,0.11493241625022961,0.005962785835747135,0.07934660021730557
188,1.8788289937912301,1.5922364116166055,2.022528462493604,0.10387150467167795,0.00763595926235038,0.06642161623059191
189,1.908006606096268,1.4835459745470543,2.0860781112454108,0.1313946460717085,0.006479336021141425,0.0768087666977597
190,1.9734827386696943,1.4966389352303497,2.06851601623147,0.07429339188192663,0.004199777594292709,0.04528797603685159
191,1.9155398489432218,1.5225305065740404,2.052959321068268,0.0909465206849643,0.00504197898352253,0.04937546011258032
192,1.902282026879974,1.4544606330389411,2.0457198265209056,0.11948030375207065,0.006513024076710618,0.07204752151064711
193,1.8992291206348777,1.5407647470682104,2.110086031791144,0.11528052615777794,0.006344583798864653,0.07403511678922949
194,1.9220292763374012,1.5467813078222354,2.084232048888453,0.11668419513982764,0.0069060513916845345,0.08098608558833961
195,1.8935819500704998,1.5047696040283838,2.0844187202005173,0.12494899810613629,0.00701834491024851,0.0862189635534209
196,1.8479612892668866,1.3821231709820614,1.951428906800754,0.061447013358207764,0.004356988520282276,0.04155983122052758
197,1.8747441236436944,1.347211984772069,1.9926828232031915,0.097066517446701,0.005401318242927253,0.051138468354034745
198,2.022467153273117,1.6256928478459176,2.192266003324168,0.08657830281282562,0.006018932595029123,0.0655232680820801
199,1.8890827449018879,1.4415330385131442,2.066992619063443,0.08700501818336874,0.005176731205799302,0.05221648613224892
200,1.9125288359803678,1.6010910850529323,2.139831889382528,0.11336030699033395,0.006591629539705401,0.0829287634594964
201,1.9206843308010648,1.541218432898453,2.0784670557368994,0.11555003060233147,0.007119409076956089,0.08117698456989837
202,1.8717957776994119,1.5370141644989757,2.0878638618290903,0.12741945551454376,0.007141867780668884,0.07127269623255568
203,1.8433718424432306,1.3221197687894888,2.0078024287592466,0.0688134681760046,0.004716327779686999,0.043390215573120394
204,1.793288500207139,1.3898534968039,1.9679456325612859,0.06854396373145105,0.005165501853942904,0.044311022425344994
205,1.8335025874268733,1.3751138128696911,2.036744641458212,0.06568047900806966,0.004761245187112589,0.04897120344575001
206,1.9761501809611788,1.6026838421182645,2.1836354485643668,0.11446078347226091,0.006625317595274594,0.08629756901641569
207,1.8824381444770824,1.4922273792900782,2.0479461774184724,0.10867766726621614,0.005693281391193592,0.07671893188290851
208,1.7441768915983913,0.9210916351579704,1.9273565591359694,0.05898778530165668,0.0014485863894752927,0.03358699140248527
209,1.8452015868195324,1.182741069946707,1.9782529609871322,0.10100801994829657,0.002369393241699897,0.04075131788686695
210,1.8716441609447028,1.2306837552021415,1.9659196636986014,0.08982358549932454,0.004368217872138673,0.045130765110862024
211,1.8471038182817539,1.1290341039139404,1.9857667686134493,0.08761140318361421,0.003997649260877552,0.052710577613930415
212,1.8389706250244813,1.2251942768965636,1.9530704955403364,0.09839158096575593,0.0038853557423135757,0.048813992519760444
213,1.8790749468364507,1.4785428127992277,2.012221222574731,0.11633608523227931,0.006591629539705401,0.06401853493332281
214,1.94380156646174,1.1807036642121986,2.0302237507058276,0.09274321698198792,0.0023020171305615116,0.035844091125621196
215,1.754779502705189,1.3555372649793493,1.9242733013765039,0.06444205887259088,0.004563309973233219,0.04642393096891124
216,1.0824750133516454,1.0285936714110666,,1.0686908602419715e-05,0.00225493771511056,0.0
217,1.1232547493705667,1.2398418511373437,,2.137381720483943e-05,0.000149616720433876,0.0
218,,1.1767329689776655,,0.0,0.00043816325269920833,0.0
219,1.8018883321106853,1.3535596178629796,1.9585039546538137,0.06806492088881116,0.004338884892582404,0.045355240108669266
220,1.7640282628598514,1.3173690800386457,1.9282587386446173,0.0763793357814937,0.0044991885216187,0.05027121806578234
221,,1.4249458080325303,,0.0,0.00018167744624113515,0.0
222,,0.9849972819867259,,0.0,0.00034198107527743087,0.0
223,1.8885131109428075,1.3270547966164155,2.070320282628257,0.07007405970606607,0.003996903817304973,0.033065295215886595
224,1.9646282619560786,1.3471736900553581,2.0937706220425505,0.07161297454481451,0.0038472870968710975,0.03358895373740516
225,1.9007891286549787,1.2935453336128835,2.047983224412822,0.07266029158785164,0.004071712177521911,0.03108821712443895
226,1.8809616013086168,1.267335801510974,1.9108102100463078,0.07152747927599515,0.003964843091497714,0.02778596236629126
227,,1.5467096730152248,,0.0,0.00040610252689194916,0.0
228,,1.3308313860337384,,0.0,0.0022976853495202385,0.0
229,1.9932628147161264,1.4073335287058586,2.159290997915134,0.08474718521718834,0.004573996881835638,0.03634617615682945
230,2.001209436918722,1.70653813575535,2.1944345507827463,0.10151494481438487,0.00711748112921153,0.09131963400767647
231,1.8403389356760944,1.0836675274044525,1.9272307537506046,0.05031396570019202,0.003035082043087199,0.028758471049111452
232,1.9194178222303493,1.2690027693786248,1.9951525457697539,0.04777048145281613,0.0030457689516896185,0.028982896129762268
233,1.8252545162037892,1.1456728459674128,1.9524668994229533,0.049704811909854096,0.0027037878764121876,0.029741666640534067
234,2.0219164027935057,1.6603009306325143,2.2203904083263413,0.12534675099778084,0.0063159629840300515,0.08269529876552376
235,1.9997421310325505,1.6154410971261657,2.1684099170088498,0.10356683126604946,0.006551074973283285,0.0745946220448896
236,1.9439410404226751,1.5929948602757047,2.165296307673427,0.10572558680373824,0.00711748112921153,0.08959904172268689
237,1.9012854521775886,1.1556657011389033,2.080495604774278,0.052814702313158234,0.002479362795761374,0.030019526264196978
238,1.6803867555784227,1.073907224136338,1.816927278530151,0.0460572260137262,0.0028708528908452657,0.024906074748392702
239,1.6502296012208841,1.0700910454973183,1.8353310254062738,0.043462051049485285,0.0031370246820494625,0.022814724960359727
240,1.6529775039648644,1.0127969338341896,1.828868919892862,0.041323170584451556,0.0032320860360509616,0.025552491955602896
241,1.6619660888808492,1.0286859830233612,1.80983371059383,0.04883301755056997,0.0033366535254526104,0.027358657681631374
242,1.6850812805144153,0.9864318992313895,1.8416609976463514,0.04369970443448903,0.002946901974046465,0.023213982647166023
243,1.7273245700382023,1.104584601226213,1.8284195936090555,0.050021284475588706,0.00335566579625291,0.02773890309763737
244,1.7247787842078812,1.1507892816771608,1.8828105347829591,0.048471784405364274,0.0033081351192521605,0.02662668525581983
245,1.7746111477790685,1.146990229013278,1.9574976333107295,0.041665391458856955,0.0030609755988482636,0.02518175267499705
246,1.776546199780217,1.3138182118326942,1.978442586285572,0.09953082609736343,0.0055012120639966805,0.05086174000805472
247,1.8413333950680377,1.3782848042851843,2.0233384034657758,0.08381028059063982,0.005853602872366575,0.06404702942122825
248,1.8154519493498689,1.4194654399880708,1.9701821110342401,0.09887498764845279,0.006920563931042087,0.060249039597686065
249,1.891571579407165,1.380946730140103,2.0221149672469863,0.11316639265456517,0.005834025605234914,0.05544282051686334
250,1.825076196751281,1.4026899712684957,1.961336269748234,0.09680958596606258,0.006303880016394773,0.04890401329488864
251,1.8133341453276752,1.398570838371337,1.979712529334115,0.07385524025419031,0.005471846163299189,0.04622192769785111
252,1.852812346407011,1.4958497743921393,2.0082206764610158,0.059720453385131225,0.005559943865391663,0.04913894050046857
253,1.8865619595783423,1.4396009959416443,2.0232292456280665,0.07656669175192533,0.005785082437405762,0.04112204961005348
254,1.6395091901399237,1.0439041514759788,1.7988103595241132,0.043882444275617646,0.003142151374631556,0.024530315715970964
255,1.6493741924913126,1.1813571185480283,1.8582441725358039,0.03582639885093924,0.0034847535494356196,0.024589047517365945
256,1.6990609003471815,1.2041862044007858,1.8017648033518783,0.049951397086432495,0.005794871070971592,0.026664237833321988
257,1.6309518942430603,1.0350622978913218,1.8086301066370898,0.04602658655080633,0.0034167749266816026,0.02733419941345282
258,1.633355405753993,1.037494653562405,1.8217160286030054,0.04593805732444203,0.0032302490767240296,0.02689916503890192
259,1.7867549760856811,1.2621189545475642,1.8968789687028327,0.08315904513861994,0.005361708346484977,0.05430043845018609
260,1.718205373642314,1.0794971346684517,1.8705060183507058,0.042267319737255636,0.0031519400081973866,0.023747225030704533
261,1.8332826440032084,1.276468617402722,1.8921954036473319,0.09676306592362299,0.005372221500105535,0.05607716141206052
262,1.7805376318207657,1.2194629644669899,1.9161170977961364,0.08188695355053233,0.004888616433559831,0.04649967846373147
263,1.8224972957876135,1.2552755800412656,1.925819647879365,0.09480761935019906,0.004951695355283185,0.05359605715760865
264,1.7793233732103997,1.2072755386931588,1.9258989435301253,0.08351649236171893,0.0047624585901131266,0.05184036050297533
265,1.7299801419975847,1.2405006781688261,1.9289689273164805,0.07163662877048751,0.0044891165959785985,0.04678353361148656
266,1.8243263521500237,1.1853159607901842,1.9725629397755706,0.08429446572964028,0.004373471906152452,0.05325963624175077
267,1.8796530328146503,1.3051336764152144,2.011687633431797,0.08589246507996522,0.005540431958034476,0.05685513477998187
268,1.8246653315390395,1.3398336766613277,1.9834252643410941,0.08721712243615562,0.005361708346484977,0.06278455342197702
269,1.8903772026962333,1.3002661779908464,1.9129193284311719,0.06909244559431228,0.004972721662524302,0.034535709643535584
270,1.8180671675249187,1.360329392644969,1.9565406875788336,0.06871397206397217,0.005235550503038271,0.03777376095866769
271,1.803821050775151,1.3263527565695554,1.925782991594258,0.07983688859452336,0.0047098928220103324,0.05308091263020127
272,1.8101591131025094,1.25719217137882,1.9682206990731497,0.09326218576797692,0.005614024033378387,0.06953399804637575
273,1.8281588696192974,1.327132320691663,1.9500946659680758,0.09410323805762162,0.005813773952169004,0.057853884373934954
274,1.8318107684934923,1.5194286303045577,1.9982316118207877,0.05359605715760865,0.0034798538484049554,0.030519684960482133
275,1.7892229653573446,1.3376591699860543,1.7879664653558083,0.04818178304302088,0.00584531341303068,0.026976752190353823
276,1.5896609892463394,0.9248958943229878,1.735137221628207,0.044498301078216396,0.003341126655760342,0.026053279765142445
277,1.5108575556115922,0.924950689346073,1.6150058835739929,0.040368818694692374,0.0031409093280743293,0.023300291509459767
278,1.50011622486367,0.9660642986117935,1.667019623939847,0.033749133298073566,0.002627852425878921,0.023250237177538262
279,1.546948272443932,0.93797235043277,1.6933457803354826,0.039768166711634335,0.0034787760685444763,0.021898770215657674
280,1.5773848500347905,0.9787516569374907,1.7008782735896069,0.038128887341205106,0.0030783414131724503,0.022136528292284813
281,1.6182631549096373,0.8605880827038996,1.8139875079912573,0.051105472891854825,0.0031283957450939535,0.029031512514471888
282,0.018946618855064747,0.018781312784517203,,0.00018770374470563722,3.754074894112744e-05,0.0
283,1.5436056541912122,0.9346055542839715,1.66184216713283,0.030082653484823457,0.0022524449364676466,0.017806828581074782
284,1.6506671849022863,1.1300820313714202,1.826356518379093,0.07089162305933751,0.004672271332633309,0.04214273377310983
285,1.685407837253059,1.2010164904627976,1.817235235107321,0.06530797040503004,0.004187739490730596,0.04145054542753452
286,0.1722668639440214,0.15529432829348924,,0.0006460424558702848,0.0034263323105977604,0.0
287,0.22139816073416488,0.2125192994594698,,0.03672059173276994,0.006045111551357665,0.0
288,1.6636768938427196,1.2300383318919206,1.819204761105608,0.04871852305607523,0.0034378687830240156,0.026637714832222992
289,1.68036585997891,1.1400441952576026,1.8196495768141814,0.08403166515284205,0.00535292320578236,0.04889157014246905
290,1.7233552647939847,1.2099749713246786,1.8429127640038407,0.10210931744478377,0.0054452149851924,0.05868603523235962
291,1.7857007248035424,1.183460198406412,1.8714468142107896,0.08652354319691315,0.004499224246239483,0.05336772144385603
292,2.001225741580945,1.5217705771822867,2.201918123844824,0.09570687801979455,0.004927076304294349,0.05876170169320279
293,1.8223092271059902,1.1795288432215592,1.9781324958807813,0.04318298126311826,0.0027083127762387205,0.023174629732538324
294,1.92216414603968,1.5170588981035806,2.082364812173877,0.07748301245839814,0.005250810484544458,0.046657201734095044
295,1.988702357257874,1.5674178533377938,2.1130832083397664,0.07708821467760534,0.005550856797946999,0.046933560180650015
296,1.9359364799709504,1.4996983447486447,1.9609532293304348,0.07484576328270214,0.0023924745516044673,0.05112631261266973
297,1.9427038415964666,1.511522805505816,2.103951899401433,0.07218482624015855,0.0044296311004954,0.043427755887209804
298,1.9938773286149483,1.4369499476706025,2.161932552787178,0.108048256647378,0.005061307549763906,0.06447047760346691
299,1.95759092566069,1.270383801731644,1.9642299747503096,0.03812167371335435,0.002581977486385019,0.02099534598256198
300,1.8863403259504676,1.3880163514349568,2.069724437158748,0.0875266680017674,0.004713885502666228,0.05555594371316513
301,1.939405552556053,1.5496731417001222,2.0924942191868108,0.07997813443300875,0.005274498351392027,0.054103087879847564
302,1.966818574904902,1.4665023213493515,2.0936411467579656,0.10140775797444282,0.005329770040703022,0.061706893137917204
303,1.9580478213457335,1.461681689537036,2.0921891880716315,0.11573891741722206,0.005637712309721418,0.07026610902550547
304,1.9514931278295382,1.5238488157211318,2.084890527171078,0.1047951229336452,0.006166741335983792,0.07238222513055496
305,1.9961739979634254,1.6078980602560788,2.1841059667204137,0.12279790173779762,0.006356244270764345,0.07032927667043232
306,1.9714481595529618,1.5445215254263023,2.1490121818098262,0.09500413796998335,0.005519272975483574,0.06691032788876652
307,2.06708856936642,1.6415719874531205,2.2401736949455686,0.09828095955056372,0.00559033657602628,0.06661817753097984
308,1.8031349220541875,1.0896583278237884,1.9339398135947372,0.07276493915974092,0.003511065931968377,0.040926201962417766
309,1.8523214056295094,1.4848291570171823,2.0489245283797906,0.11761527363435863,0.007641731734284114,0.08095017955222447
310,1.8050349752844024,1.1853569038028802,1.9561209156604225,0.07022131863936754,0.004217627187627648,0.0420566999714726
311,1.854297906805892,1.217154015772418,2.014784698810549,0.08045015158668098,0.004413290304579446,0.046872186683119633
312,1.8046091235410149,1.1929913584992047,1.9533092535901262,0.07288451106454479,0.004032834243839839,0.038556504212668215
313,1.917275407282438,1.3936120850027363,2.0706380074062896,0.07690647513522064,0.004652434114187199,0.04922014408654121
314,1.8395948370834196,1.2399961641048245,2.042400934405747,0.09036374951223876,0.0043154587461035464,0.05704666876461313
315,2.010821415602831,1.732181662414062,2.180837275092973,0.12543092813926657,0.008826580609158892,0.09850550921206636
316,1.6652800242663213,1.0990379475859284,1.7925556530437534,0.055546049756330845,0.0038528402561014115,0.040437973533425896
317,0.00865949492637523,0.005226214999618531,,2.2465540851903275e-05,1.1232770425951637e-05,0.0
318,1.6587319615483656,0.9999565295306444,1.6852220482072264,0.0624092724865873,0.0019320365132636816,0.04192069922965151
319,1.6581976556087088,1.019672431589729,1.68035708298041,0.06244297079786515,0.0021229936105048594,0.04232507896498577
320,1.603847677608659,1.2446417944609767,1.7717637280772163,0.017253535374261716,0.0008424577819463728,0.01172701232469351
321,2.0510833,1.6567904,2.2402282,0.1495980365328239,0.0085593710645751,0.1101260812560298
322,1.9176533,1.295855,2.115569,0.051075407126802,0.0033024345052297,0.0342711825695784
323,1.8932426,1.1237643,2.0310514,0.0490304147882098,0.0031360857487632,0.0278237377556518
324,1.8695763,1.1141715,2.0110426,0.0487496909999573,0.0026789070078949,0.026724904641635
325,1.9440255,1.1843625,2.10121,0.05376261579018,0.0030799409911128,0.0305427481618686
326,1.8891675,1.1192758,2.0665917,0.0484769878913692,0.0026869276875593,0.0253934718173519
327,1.9195263,1.017199,2.1028814,0.0460788046717267,0.0026789070078949,0.0284734128084647
328,1.9457976,1.1307459,2.0921886,0.0528562789881077,0.0030157755537979,0.0310881543790448
329,1.9124659,1.0781683,2.0215693,0.0509874606263127,0.0025024520552791,0.0273184349367974
330,1.9871178,1.2377421,2.0672264,0.0506666334397385,0.0022538109856841,0.0258586712378845
331,1.9068735,0.6818925,1.9649628,0.0694029411356747,0.0006015509748267,0.0290188190256409
332,2.1208205,1.6876115,1.9293424,0.0886124689318079,0.0012351846683108,0.0328767659441963
333,2.0856898,1.2136475,1.9665573,0.0493672833341127,0.000585509615498,0.0307913892314636
334,2.0414236,1.1876919,2.0584474,0.0967053347131434,0.0004491580612039,0.0496560278020296
335,1.9717104,,1.9747593,0.0896150538898525,0.0,0.0439372832013435
336,2.0031507,0.6168023,1.9775637,0.0595535465078452,0.0001684342729514,0.0264201188143895
337,1.9895388,1.0012298,1.9163274,0.0687292040438688,0.0001283308746297,0.0284333094101429
338,1.8967428,0.8235841,1.7507617,0.046896913997491,0.0020773560330682,0.0097932498701789
339,1.8468474,0.8898291,1.8439847,0.0494474901307563,0.000360930584896,0.0129774596969284
340,2.0049384,0.63480353,1.6229002,0.069050031230443,2.406203899306878e-05,0.0153756429165709
341,2.0743458,0.7247091,1.542704,0.0598823943740838,0.0006416543731485,0.0129614183375997
342,2.0371876,1.0863975,2.0242872,0.0980848916154127,0.0002566617492594,0.044554875535499
343,1.9857478,0.8259684,1.885746,0.0968015828691157,8.02067966435626e-06,0.0315613744792418
344,1.975411,1.0483378,1.8591748,0.0911630450650732,0.0010426883563663,0.0338633095429121
345,1.9474845,0.8235249,1.9796964,0.0951172401396008,0.0006175923341554,0.0390446686060862
346,2.0067527,0.686935,1.7586318,0.0581178448479254,0.0002646824289237,0.0143329545602046
347,1.8929507,0.91709936,1.9371091,0.0485856526978331,0.0010280802103153,0.0281658526584666
348,1.862324,0.88265043,1.9435782,0.0464054136311299,0.0003722359382176,0.0232381578573
349,1.891779,0.96040076,2.0449197,0.0519712271835267,0.0023929453171132,0.0300624833912897
350,1.9972988,1.4055932,2.1581607,0.0607099089712071,0.0034564765691636,0.0389518321063438
351,1.095709,1.1221102,,0.002614514327957,0.000106353125205,0.0
352,1.9321178,1.3533732,2.1156795,0.0595311618335179,0.0037134966217424,0.0401660302857679
353,1.9764404,0.897776,2.0230732,0.0507481662436688,0.0017814148471843,0.0277227146367789
354,1.4259992,0.8458107,1.7648903,0.0878501719388381,0.0012331534480522,0.0558202122491697
355,2.025224,1.5178303,2.183627,0.095681497082962,0.0056132504356143,0.0684960687963559
356,1.5223529,1.2013043,1.8376851,0.0741013117420479,0.0033471307875703,0.0583665940444983
357,1.5989957,1.0027195,1.8585918,0.0737890196350737,0.0022340896883543,0.0407661311950255
358,2.0285575,1.5336239,2.1806326,0.1058830392441214,0.0058454676433644,0.0715469224567969
359,1.9934714,1.2520777,2.1114829,0.0988044181527047,0.0052288909193383,0.0737329672056167
360,1.5249465,0.9005546,1.844203,0.0712986902692019,0.0010970261193711,0.0493982053313911
361,2.1185281,1.5320147,2.2447016,0.100229751358895,0.0042519771488034,0.0712266228599002
362,2.0969257,1.5488367,2.1488187,0.0999895266612224,0.0040277674309758,0.0703538064583567
363,1.9781717,1.3744038,2.153965,0.0845671010706471,0.0047884789736054,0.0495583551298395
364,1.9983478,1.159712,2.0502439,0.097523219765118,0.0008327789519313,0.0740852967622031
365,1.9630497,1.3648067,2.2222214,0.086793183269079,0.0019137900914576,0.0688243758831751
366,2.0747082,1.7129476,2.2519228,0.0968265681418677,0.0057493777642954,0.0762313040614109
367,2.048164,1.4296166,2.2512476,0.1025359084565511,0.0042119396991914,0.0752864202505657
368,2.0879388,1.5546939,2.2372098,0.1107035481774166,0.005645280395304,0.0666623536041224
369,1.9339055,1.281246,2.0526662,0.0843589063326643,0.0040678048805878,0.0504952314507623
370,2.061843,1.3519819,2.2024524,0.095201047687617,0.0035152880759411,0.0596077549824729
371,1.8618383,1.1478333,2.1958358,0.090708845841141,0.0009048463612331,0.0529695458367892
372,2.0224638,1.5000571,2.1760488,0.0779529143947306,0.0049406212821313,0.0541146168956948
373,2.0631826,1.4328595,2.2222683,0.0827013559187239,0.0038916401022947,0.0506393662693658
374,1.7633455,1.2027774,2.1923838,0.0828134607776377,0.002170029768975,0.0493821903515463
375,2.0932019,1.4934732,2.249867,0.0917097820814432,0.0043080295782604,0.0517604148585042
376,2.0693567,1.5527695,2.202305,0.0781050567032565,0.0035232955658635,0.0459870146244414
377,2.1063995,1.4101641,2.2419124,0.0946645458628151,0.0043000220883379,0.0550354782367728
378,2.021656,1.5068716,2.0935888,0.0509676733561849,0.0043560745177949,0.0198345525378271
379,1.9624593,1.4033605,2.2040915,0.0757188247063762,0.0045402467860105,0.0550995381561521
380,2.0509157,1.5229696,2.110485,0.0906367784318393,0.0034352131767169,0.0559002871483938
381,2.049975,1.2930428,2.2474551,0.0775605473885321,0.0034352131767169,0.0608729383902149
382,1.9746329,1.200951,2.178693,0.0600321519483611,0.0025864192449407,0.0491179431841065
383,2.0493307,1.4167398,2.2418976,0.0843749213125091,0.0042920145984155,0.0481570443934165
384,2.1972244,1.6007739,2.3138945,0.0965783359542728,0.004243969658881,0.0438169848554664
385,1.8515532,1.280918,2.0984643,0.0505432763902968,0.0043881044774845,0.0388283186338005
386,2.0202098,0.7712377,2.124394,0.0626826311126811,0.0010970261193711,0.0434886777686473
387,1.9252212,0.7154023,2.0979178,0.0577980622600067,0.0001201123488362,0.0312372181873491
388,1.9917465,1.223079,2.1173186,0.0674470876165193,1.6014979844834227e-05,0.0415588726973448
389,2.0375798,1.467881,2.194355,0.0869933705171395,0.0040998348402775,0.0425918388973366
390,2.007782,1.4195079,2.19791,0.0865769810411738,0.0028987113519149,0.0479968945949681
391,2.0146084,0.684596,2.2115805,0.0559963770274628,3.2029959689668454e-05,0.0387001987950419
392,1.9974438,1.5793345,2.1953177,0.0677834021932608,0.0047564490139157,0.0494622652507705
393,1.9754915,1.4124645,2.110735,0.0661498742490877,0.0042359621689586,0.0356333301547561
394,2.064913,1.4009825,2.171246,0.0804752737202919,0.0049806587317434,0.0472602055221058
395,1.8022374,1.3004223,2.1314645,0.0821888765636892,0.0044681793767087,0.0475084377097007
396,1.9791919,1.5036389,2.1384728,0.075254390290876,0.0048525388929847,0.0424477040787331
397,0.68603146,0.52410305,2.1357207,0.0019618350309921,0.00434005953795,0.0143253994712042
398,2.0160549,1.2444627,1.9692035,0.0715629374366417,0.0031229210697426,0.0327186038229963
399,1.9886897,1.1500438,1.9850723,0.0690405781110803,0.0027145390836994,0.0248712636990275
400,2.0134172,1.1098033,2.0114305,0.0706741060552534,0.002362209527113,0.0324223266958668
401,2.0382702,1.1001018,2.0242712,0.0817324496381114,0.0024983368557941,0.0383398617485331
402,1.9732993,1.1668837,2.0708926,0.0766236710676093,0.0032430334185789,0.0344962665857729
403,1.9988618,1.0938208,2.0152628,0.0701696341901411,0.0023782245069578,0.0298519224307709
404,2.1779294,1.2024689,1.832063,0.0607528260413786,0.0021139773395181,0.0106419541068923
405,1.9023966,1.664193,2.1414032,0.0729261566701492,0.0056753316228549,0.0701348579471437
406,1.9703662,1.4322165,2.1851213,0.0771548351342372,0.0044790607415668,0.0454861137419992
407,1.9942969,1.5416825,2.1957192,0.0902025338161929,0.0048407240312586,0.0526822858650963
408,1.9907306,1.4822909,2.1840792,0.0732321794537345,0.0047108961836769,0.0436963441289093
409,2.020716,1.7732407,2.2232058,0.1032780527512019,0.0080307797146934,0.0773588503232941
410,2.0349994,1.8310913,2.179883,0.0831547363760463,0.0075300151597356,0.0638474807571182
411,2.0807693,1.8174578,2.239462,0.0971390502441268,0.0077896708548989,0.0816431692934885
412,1.9505019,1.2907687,2.1765645,0.0838873363731141,0.0037835544152366,0.0491305668919698
413,1.989801,1.9653112,2.2179482,0.1043537692025927,0.0088282936355521,0.0869846578797049
414,2.0972493,1.8284379,2.2982886,0.1582508727843459,0.0085129974342824,0.1087864628557376
415,2.1039255,1.8241779,2.272205,0.1906707410090206,0.0085408176873356,0.1088050096911064
416,2.02778,1.8025383,2.2265203,0.160643414546922,0.0074187341475228,0.1160660957379943
417,1.9857252,1.3944025,2.1661797,0.0784160199393161,0.0053229417508476,0.0560578099022192
418,2.003812,1.3228769,2.1516511,0.0724253921151914,0.0035517189731265,0.0473686175319331
419,2.0340402,1.9306457,2.1794853,0.0979551110003543,0.0092363240136659,0.0774608579178225
420,2.0720353,1.6325513,2.142175,0.0648768301200869,0.004942731625787,0.0476004529740432
421,2.0079136,1.4918299,2.2162418,0.0724346655328758,0.0054064025100072,0.0595260681161861
422,2.0686529,1.6420833,2.028584,0.0610747288694815,0.0041730379579815,0.0373347795974085
423,1.8771497,1.4568505,2.1292748,0.0598320908997714,0.0062039164308659,0.0462187137390671
424,2.0071805,1.6484401,2.1084807,0.0713218554107474,0.0059906278241246,0.048768903602278
425,2.094477,1.5333272,2.1143823,0.0600824731772503,0.0054898632691668,0.0357212049203223
426,1.9357202,1.3308283,1.9959038,0.0598970048235623,0.0040432101103999,0.0460888858914854
427,2.1202335,1.5148408,2.1087956,0.0741595212221749,0.0039504759335558,0.0431677593208983
428,1.9486196,1.528786,2.1338046,0.0796308376559729,0.0056475113698017,0.0700421237702997
429,1.9038348,1.361247,2.1023026,0.0901283464747177,0.0051467468148439,0.0628644984825714
430,1.9828118,1.3636525,2.1603131,0.1031111312328826,0.0050911063087375,0.0848424983946077
431,2.0376918,1.5710285,2.203885,0.1361708652777812,0.007400187312154,0.0928176376031947
432,2.0180504,1.4935435,2.1758497,0.1081651438708826,0.0065563063028732,0.0653961415104135
433,1.9594404,1.341447,2.1196578,0.1481243006729773,0.0053229417508476,0.1019612274400166
434,1.9700445,1.0728498,2.000883,0.1249427965237754,0.0017506674530676,0.0698008055481181
435,1.6684891,0.7720487,1.8931793,0.0969321172746924,7.260832754658612e-05,0.0550855178320099
436,2.0494845,1.2263336,2.166677,0.1342770004094866,0.0031544284523016,0.0817166388577078
437,2.0099962,1.2738951,2.1384575,0.1237407253232819,0.0044129727964425,0.0727535442016792
438,2.0264764,1.2594067,2.156675,0.1229258985363702,0.0034529293544376,0.0717773655757751
439,1.9506663,1.2979639,2.0903397,0.0785611950693306,0.0040672668017403,0.0367990805871749
440,1.9858882,1.3556479,2.1561916,0.0799169506699108,0.004172176461309,0.0421817531204305
441,2.0222592,1.2910669,2.1474252,0.0651650385397889,0.0039220072731068,0.0321104258018353
442,1.9757459,1.272079,2.1847286,0.0818860242802771,0.0035346485300839,0.0479356444490831
443,2.0552552,1.301653,2.2006896,0.0751314561988154,0.0039139372992938,0.0436343484067664
444,1.9867556,1.2393161,2.1387837,0.0833870394094909,0.0037444678492213,0.0423108727014381
445,2.0623055,1.2531009,2.1580992,0.0812888462181169,0.0039220072731068,0.0454743024361251
446,2.0051856,1.1204606,2.1019413,0.0653587179113003,0.0027276511487862,0.0309402795989536
447,2.0260777,1.3436123,2.1712608,0.102948655932147,0.0044223456495113,0.0496948987403121
448,2.077356,1.3176609,2.113885,0.0771328097044337,0.0039865670636106,0.0337002106429917
449,1.9722933,1.3516103,2.179164,0.066512724166556,0.0042367362518129,0.0396316413955298
450,2.042965,1.1694831,2.168334,0.0606700631259607,0.0022031028509427,0.0312953584467246
451,2.005337,1.308495,2.1290457,0.0703540317015331,0.0041479665398701,0.0338696800930642
452,2.003408,1.2058221,2.1467235,0.0952256909931281,0.0037686777706602,0.0459585008649037
453,2.0053575,1.2323272,2.107339,0.0760917830825597,0.0029132605464846,0.0407695077031595
454,2.0959089,1.3225169,2.1670306,0.0791825830529299,0.0040591968279274,0.0459020110482129
455,2.010034,1.3711694,2.1541529,0.0708463001041247,0.0041398965660571,0.0363148821583963
