,Dens1,Dens2,Dens3,Dens4,Vol1,Vol2,Vol3,Vol4
1,0.7410423163097121,0.8201881172672203,0.6789212597525888,0.733536143915233,0.31734269890323036,0.3115847583397588,0.07676444247699997,0.07456168603077737
2,0.7461240623020139,0.7733928444488085,0.7223816111952875,0.7199078926876022,0.28835053685368295,0.2790131170650997,0.06797771179997233,0.06703830096261269
3,0.7630892215884285,0.8225504873317231,0.6763809867875363,0.7051480726820435,0.30452298032098635,0.2887635536873497,0.0681882694014495,0.06161239353993203
4,0.7805413078276294,0.8512281393026057,0.7713246032552648,0.786370360831892,0.25907493187907016,0.23494988977136017,0.05013700425942682,0.053951336193878444
5,0.7497458173850264,0.766122719630721,0.7005596757910717,0.7256146547019418,0.2731175042237392,0.25351135217850057,0.07149240407078339,0.08673353507001473
6,0.7235731867221111,0.7794965814890199,0.7056646687750584,0.7809390040387009,0.26497054472043063,0.2317267387949021,0.04371499741437344,0.05152182540760352
7,0.7696753413437393,0.778864463635755,0.7107208792355887,0.7139850153158382,0.3166624358830734,0.28081095504694314,0.06508659396430518,0.045674802781968546
8,1.230095133405963,1.2299869968627724,1.052809104910739,1.0662221890589754,0.3058689865640351,0.284854082849463,0.06497348828898374,0.05222602479253489
9,1.202767770823064,1.24617317442303,1.111892514403688,1.1633069031058032,0.19222017686357687,0.1785959964829156,0.05882770293065454,0.06114223550497538
10,1.1855536588365214,1.2534257446988528,1.0541846244705826,1.0989389984025444,0.31984385369838136,0.3157057500048987,0.06265018854582077,0.06547321691298481
11,1.2664821723595314,1.3094432730804884,1.2205620916140831,1.2078517317513773,0.2828464011846165,0.2696693464149036,0.06036195747802631,0.06661294886246098
12,1.2801225842178985,1.3084772066224453,1.1142204450817,1.1490770026812636,0.35976077343657364,0.4157128449870114,0.08589195314629249,0.0703565299580481
13,1.255724228414597,1.3687010614445347,1.069326441341778,1.0740261405110754,0.34223520292116705,0.3627942138559487,0.07364421827384474,0.08293741724649657
14,1.1548791726794148,1.2083017385820451,1.0708810005464595,1.124865152393733,0.2664167267744755,0.2484177291415941,0.04998162956895105,0.05351479861232717
15,0.6111653296680867,0.6101459492369095,0.6125390359036341,0.5938428615358392,0.2829954430549326,0.26532959783805204,0.05476850375675096,0.059757022827919726
16,0.7935856355546358,0.7521556463693511,0.7347487933725735,0.7306133479235964,0.28393353012103995,0.26472466318794546,0.04735147891631374,0.05681125409696594
17,0.7060067043697774,0.7452566854775531,0.6534639063723985,0.7158671191151172,0.28149625718292937,0.30318623289834506,0.0743543589500568,0.1011468269315889
18,0.6396759480284757,0.6566124260153374,0.6666754514076387,0.6717419108965152,0.28602011630546553,0.2732989543155431,0.07770341744774832,0.0702162552565741
19,0.6564922974986803,0.6417336089313106,0.6381788644611434,0.5825341708422286,0.23843192383041445,0.2133402866042545,0.04773723434536721,0.06391266085908669
20,0.7175838818393278,0.7160062654307738,0.6151965881936553,0.6533524250823736,0.29968813253033744,0.29213960015726836,0.08102617443891345,0.04354652763883176
21,0.6936302011052917,0.7156687441480803,0.615176139691491,0.6539525809576023,0.22850748870112966,0.1978399320913786,0.052489039857798625,0.04242433002703984
22,1.084256072791882,1.218793914059356,1.0274236083356667,1.0187914644162166,0.2624451992889931,0.24694484477611722,0.05781071134496812,0.06990940434709975
23,0.9307578529036951,1.0406623708909024,0.8311463449408106,0.9006336302759967,0.23537218190451303,0.2365469825293577,0.053286852222431944,0.07147872756984001
24,1.1342809556140105,1.0808265133449217,0.9995738836970349,0.9035203797641188,0.24608566222958903,0.1866793261553543,0.05892414178791791,0.06547321691298481
25,1.1885593659400366,1.2739543658075962,1.070071924825158,1.055142330631356,0.2633131490043634,0.27259758080817315,0.05753016194202014,0.05816139809865309
26,1.1616442518365109,1.2258090513065727,1.0588747426704,1.0436640073767667,0.3220181115712282,0.21925812557268845,0.0653241750426687,0.058170165267495216
27,1.094103117595789,1.1770439604405718,1.012039545706982,1.122352655699309,0.2612090284822536,0.23433765598114237,0.04712353252641851,0.04250323454661896
28,1.2224434091378582,1.2600903454387848,1.042664460903095,1.0455275016902708,0.37407756015576277,0.37745292015998066,0.0800354843597534,0.08408591636481487
29,0.7005496385731347,0.7495234170807974,0.7623283365815396,0.6865749455736904,0.2372571232055698,0.21868825959795035,0.043406252937357774,0.06329895904013798
30,0.6259376096553431,0.705870356348403,0.6340706772656635,0.711399204579487,0.20374023672212832,0.18692480688293375,0.0562939911352806,0.04750928795547198
31,0.6636761403374517,0.7272255276514056,0.5986838745214971,0.6428147379964201,0.2739564919787024,0.23190915021187392,0.07775602046080106,0.07669519303090401
32,0.6159619285726653,0.5726434956795873,0.6288252498312092,0.6091571989846228,0.2712211352999596,0.2517667876392856,0.053093974507905206,0.06577130065361705
33,0.6822737461060566,0.7621432309749305,0.7447879545116702,0.7190361488084599,0.24721662701022307,0.20802738228592713,0.056942761629597806,0.06199265088266144
34,0.5928643456666872,0.7433808090090489,0.5670530474777534,0.6563535194519269,0.21274411912299004,0.1762200937266999,0.06612198740730202,0.052576711546219866
35,0.6967431408587293,0.781165538561485,0.5944191914985196,0.6845279791496053,0.2503640406245457,0.20159228035580784,0.06155429244055522,0.0475531237996826
36,0.7036433161817195,0.73900581446189,0.6758170789184271,0.6915521110260672,0.23774372349311307,0.21687163494604825,0.05146175390892415,0.051534818396253436
37,0.7101902729087277,0.7630881381104728,0.6501412498152923,0.6942412973691159,0.17915412293139898,0.15230698297607287,0.03518460978723415,0.03889466208828768
38,0.7352197150297582,0.7707394786322445,0.6902345141403446,0.7490019854038011,0.22157211696423204,0.19811029825516266,0.0518027215164608,0.04651772359964275
39,0.6685706021064202,0.706560489437106,0.6046509520782648,0.6585428386871124,0.1579816581586471,0.14169639576058718,0.039341167288633294,0.04081057531158885
40,0.685373694634424,0.7333092081637604,0.6388219884889251,0.6669928845891586,0.17202627627860906,0.14975784419591795,0.0379367054766371,0.039584715579730895
41,0.7129004280378654,0.7323482464786344,0.6630969942073532,0.6984019038186632,0.20886701444530692,0.19758261029111784,0.04328664960441451,0.042393639203723285
42,0.6899521591059099,0.7322427421377864,0.6294203634651225,0.6747699589432579,0.15386569203909756,0.14153403023318878,0.03731971647252316,0.034527029401270615
43,1.1497927824826444,1.2855905595545363,1.0442205114902068,1.1042318798599728,0.3450267457216085,0.2964226250948963,0.07536195954196923,0.05108831319590782
44,0.9524698097796107,1.032651342179816,0.9063118575218932,0.9443031830116512,0.22347179363479336,0.20474293004938746,0.04785723920067958,0.047556862974992536
45,1.1584379141564043,1.151046596861126,0.98610944621369,0.9905460201223131,0.25236473923533936,0.24315861383184983,0.05389723681990021,0.04823067991369591
46,1.2010272296516913,1.3917033697982844,1.1913234210112984,1.2531266796315477,0.27533946136221354,0.2614247356641703,0.050024818991448276,0.07143271377892785
47,1.2495326166374507,1.2443634500925331,1.0349899507507383,1.0805085700545893,0.27980451336566964,0.2577715112977062,0.058727611260002734,0.04928605584178554
48,1.254538810049238,1.2990619097057279,1.1809336492012257,1.1937282917839656,0.38351549399140017,0.3299835796081464,0.06256755598297499,0.07401432566456247
49,1.0244025699851336,1.0622617970587829,0.924045078976949,0.9018845945703683,0.22131233212039458,0.20390674758328567,0.04843363682294392,0.06172325524050328
50,0.9454285195112195,1.0144100020479614,0.9043175672481043,0.9677390426479178,0.11540940020740423,0.10104817138305855,0.023396869119143147,0.01888310810934315
51,0.7941263792127803,0.8535954194477294,0.767335988376149,0.8519536645409674,0.08908995201716756,0.07609259342599886,0.01835542022150682,0.016829184484380203
52,0.8342896814828661,0.9186864402981605,0.8472509936090803,0.883178212152297,0.11913568852304847,0.10531026586173661,0.0218381602812266,0.016066066615816894
53,0.6519142306493383,0.7520903439945944,0.7201371783821243,0.7657863213865685,0.09893741983171322,0.06389894407938089,0.011024617718180568,0.010870370489428408
54,0.6218704337787598,0.8073016964525207,0.7156745368006535,0.8057112869825149,0.1361353567865758,0.09151731630121468,0.02279611675452948,0.0136711754325597
55,0.6794282154103262,0.7478253190754639,0.6467556351308907,0.6862043225398533,0.11291708972177725,0.08936597337388194,0.021765095804449262,0.01754359270175862
56,0.5514084205562466,0.8326379053082807,0.77250339573018,0.6655607673667595,0.14187497735119556,0.08158866573469419,0.01657751795325826,0.01467784155704747
57,1.160481683351969,1.2157953391874674,1.1353452543371214,1.1061594367581193,0.318748230478122,0.2934078402618947,0.05334143585353725,0.06272644870539457
58,1.0184576721598206,1.1686970355673778,0.920174364749601,0.9328063786467105,0.33588422021583414,0.2635759899296919,0.06972457132419063,0.04796879403861802
59,1.050038681657376,1.0462801993453112,0.7768733294480512,0.9322936338476812,0.2832785283051043,0.2654581255973388,0.08023886557663606,0.06705536074098235
60,1.209855128155777,1.2014256806235513,1.060343785287201,1.0700070538718796,0.3126826205310237,0.27934315372729723,0.0630601000282956,0.057636127240622365
61,1.0963707961480884,1.0599061334282098,1.0874166216476888,1.0907523727074444,0.28207225044538514,0.2894553553598363,0.04830244536151905,0.036590428411480164
62,1.2297484499945746,1.2834238595412581,1.014611737677546,1.0646488948864548,0.29070440903018374,0.25135921841423864,0.09277217809073904,0.03446874820431461
63,1.0031890324240593,1.0821885074334734,0.9827719443040525,1.0433861393837844,0.29487077298538383,0.24318048342210044,0.047797690796104665,0.05561710897896482
64,0.7700217037766055,0.726122107556867,0.6668412294043842,0.6990607457411891,0.20814318886675165,0.19871119392945572,0.059807001296901044,0.0525615985061688
65,0.8034038705079035,0.793946019305629,0.6579023029974288,0.6670818041425622,0.2187703973078896,0.21454545655012247,0.04533472615735659,0.05373828156809079
66,0.7072581261501628,0.7026057680758455,0.6143912973718684,0.6289945718918067,0.21569434394916442,0.2057898227429077,0.04633537002103828,0.05322869441528993
67,0.7753128937736521,0.7941618865087283,0.6902107505678126,0.6820617823402432,0.1819411439918274,0.17138805731836956,0.04215675536807122,0.04724336167511982
68,0.8141503532692501,0.827283150790743,0.7100901313306907,0.7492210921915519,0.32484791207910885,0.25555332451915175,0.05313604220568977,0.05329355096201004
69,0.7322340386499314,0.7458905639738564,0.6304504749370573,0.659953289191876,0.21882598863364972,0.20883808043875282,0.05188523737608766,0.0567031522752958
70,0.6761269949781659,0.6930899024068197,0.5723100697615519,0.5969616986440065,0.1958667710947309,0.18340504890350987,0.0531545726476098,0.045529295797516925
71,0.8210238898559549,0.8504774583070555,0.685943630738767,0.7477674914338877,0.20416840907490494,0.198868702685776,0.05737951340537694,0.047576909629680385
72,0.8575185405833124,0.849579051386688,0.7244750320991215,0.7237622879528351,0.2577429706794051,0.2503608562152857,0.06440569335724293,0.060970055282354226
73,0.9390309157616668,0.9209444349473387,0.8833015596674606,0.8941612717318566,0.3557938777204706,0.3377743065929931,0.09095926926549347,0.08585088612207295
74,0.8862472341950712,0.9693073522119994,0.8468025907653652,0.8939314019944807,0.4098626075404391,0.4168039987529693,0.060980071719890346,0.09440492377791829
75,0.9204405268214317,0.957161101510763,0.8196366055126383,0.8120091708452917,0.29744812907257945,0.3059721174158164,0.06246250447523591,0.07150734757035104
76,0.8077265228315347,0.830101234792661,0.6725946829652358,0.6853999726606502,0.19944730421919457,0.19058275699972957,0.0483894097369892,0.04721748654526332
77,0.8669081016091941,0.8809919207099679,0.7760352961817636,0.7684044741792309,0.22234488042676182,0.20980430063154126,0.06338401672855883,0.0694940436255912
78,0.8902655173112395,0.9040670600277051,0.767692298348745,0.7864954045820672,0.20565749549158813,0.21225832782789034,0.051464456060577625,0.056092050202264446
79,0.7924513659894504,0.809193501485174,0.7441011965665706,0.7476238729338397,0.2855285684045983,0.28654022859574624,0.06709009861692272,0.0759947115865322
80,0.9793908461505808,0.944437734740372,0.7897592129816616,0.8541698775102795,0.37386353103562864,0.3513866452045784,0.08804448594248294,0.076906207402319
81,0.9714374605493863,0.9199102357079064,0.7971209215021491,0.8186089460496999,0.43834935589316054,0.3916326912247031,0.08564054093381447,0.06582802748737178
82,0.934061397481495,0.9324797969191908,0.8656249293683045,0.83571691308767,0.32339070229112676,0.32972109081395373,0.07418173639249473,0.08267567542312335
83,0.8524375908976488,0.8707473828023866,0.7720100520344535,0.7617215702380886,0.28670049159632416,0.2798893140717635,0.07205825163483758,0.06728041093010897
84,0.8809393733991623,0.9311803815555753,0.7922123915779122,0.8050920900550287,0.27838684844134565,0.25496841748190024,0.0648163672962238,0.08144365360618075
85,0.9541380834938902,0.9785735194781092,0.7848254926287561,0.8184304719254236,0.3408493529165816,0.32382140910517987,0.0700850134402222,0.07971080991243222
86,0.8927909103982049,0.8989110737015941,0.7947038675601433,0.8397678832188029,0.41941828894989625,0.4064169530280143,0.09547668259428298,0.10336963537274448
87,0.9610463643673599,0.9719469072267515,0.8232430129852693,0.8489550471419036,0.3156680289507793,0.31408543182007254,0.0843684533667274,0.07835859084505621
88,0.9630524891407704,0.9290438041211216,0.8574657043059297,0.8220839120030553,0.3560618389402789,0.34244512367006313,0.10100793901341222,0.09777167933035645
89,0.86327764553748,0.8665216780740288,0.7753918479983596,0.7957241971791079,0.3270942617017571,0.33414075920033515,0.08725688843559791,0.07523998455587386
90,0.865729551455308,0.8758043214951567,0.8495520394370848,0.7730530092728292,0.24168143067046644,0.2300186835107749,0.09208074720845462,0.07758474628850294
91,0.8939784979482638,0.927976334559331,0.8505229767711134,0.8231803203237787,0.29291203206827376,0.29534227990573825,0.07395769298334233,0.06765614582690167
92,0.8623719522237624,0.8731981063338472,0.7624221060875407,0.8150979671334556,0.29899375781228044,0.32706983710037557,0.09662372306542347,0.08647530119138822
93,0.8970320564701346,0.9131620710414011,0.7951880062582989,0.8199391919649665,0.3199744903990344,0.311364818412037,0.09410798912312351,0.0727242506135739
94,0.8471773867787975,0.8709803074318736,0.739983462243873,0.7669666834153178,0.2181361149386494,0.21862460696628044,0.06212397361397993,0.06986657225193221
95,0.9971125587098583,1.0544489408988575,0.8921160885200778,0.9520491012453441,0.25887635004307974,0.25174436643966625,0.0650915626818386,0.0645297968500629
96,0.8280960371029351,0.8469447349758293,0.7885144885123215,0.780957730258525,0.25724897016346343,0.24810406719592037,0.0640013676524508,0.07639750382800138
97,0.8461825797108449,0.8521035295935445,0.858863347618312,0.8776689783180542,0.31007179495332265,0.31575821478724814,0.08192848621771935,0.10381925961027993
98,0.8553996582709439,0.8638764385789447,0.8014075423124538,0.76201089823545,0.3523637328981217,0.33764898817980876,0.10368972840677367,0.102251932047854
99,0.7506954150404357,0.7935306272340151,0.7557192909093681,0.8054731708983494,0.3884640793153207,0.3668971339315258,0.08953196786353773,0.10003694846789668
100,0.8208838515836341,0.8543695041337079,0.7805206302627834,0.8077167464709397,0.39969443465931476,0.412103523955216,0.10765338323406569,0.10542544653375775
101,0.8609686755024795,0.9469457453493912,0.7833794452463055,0.7920038686750518,0.2761734789957303,0.2794247122037378,0.07894926853707501,0.08148808012579802
102,0.8944584764896072,0.9335163267093433,0.7930330720511746,0.8406670772540582,0.33600394189527905,0.3260170861049452,0.06049107203743073,0.08503723510186996
103,1.3338031700616433,1.3621207978675633,1.422252867324487,1.3183893248543868,0.313815246734654,0.2976627056574214,0.032926831931295274,0.017940071685619178
104,0.977260820118256,0.9610466079915184,0.8898827193948092,0.8266600544238457,0.3372102055570114,0.3095266526388308,0.04957900304753631,0.0805874206149895
105,0.857865691815552,0.9033583397074197,0.80948324756687,0.8401753558357364,0.20285729073549308,0.18505710072292433,0.03923948493089615,0.03372507526868806
106,0.9514431457898275,1.038116635606164,0.855854213360085,0.9265358978977432,0.2052597081802418,0.1764306988432569,0.04867682940794712,0.058996073959652694
107,0.9205322924537824,0.9476201658909384,0.9038592847788381,0.8611600867911071,0.25194972822459927,0.24754022785132626,0.057891164670717615,0.06493622848548714
108,0.8797368434731633,0.9102655382202607,0.7732694509353594,0.7487394968948295,0.2733180656656556,0.27108797352285086,0.05306605621628554,0.07053173240743359
109,0.9161996129292617,0.9187694782724745,0.7793769204974641,0.8682260049177923,0.2609106439256874,0.2558827998219094,0.06502745952769279,0.08012112862149397
110,0.8644042588641078,0.8478200485476179,0.9094411357794507,0.8193524380023848,0.24823966584156956,0.2575452321465457,0.06233107539139251,0.09273128601080805
111,0.8878654968656581,0.893003458575822,0.7459506998645041,0.7340214019209358,0.2338048876081425,0.21829561043318227,0.052954551609145306,0.06361844676473888
112,0.7234415889370734,0.7565977894447036,0.7272945654023143,0.7485011064835302,0.30582672703826835,0.317250880878909,0.06949778059576957,0.06052672811221413
113,0.7918143860797879,0.8178831209381754,0.7492950063294384,0.7421621278108341,0.19313611634935787,0.17595427006729406,0.06881861617046085,0.06159109027128003
114,0.8023367165958765,0.8312712893198794,0.7435946656343508,0.7009214031129248,0.14138784185382058,0.12814920395153426,0.03480971099268855,0.046375779787871316
115,0.7855660423199115,0.7975592423690627,0.6763736844784713,0.687396654277713,0.1739167767913679,0.16485449326560683,0.04484512563530988,0.044895809547646354
116,0.782279756963755,0.8059354338569875,0.7519448537659333,0.74656734414945,0.3167237681906097,0.300890113976696,0.0791784078520356,0.08086111374160646
117,0.910531887744617,0.9515733630493151,0.885732522981492,0.8790644231859001,0.32210639968074295,0.32151846629763986,0.08621333488433783,0.08832178563753504
118,0.8147765953078837,0.7916589130171324,0.8186433298548191,0.8948371462119205,0.3732160568808407,0.35682487963122583,0.07479931782616447,0.04882888114495653
119,0.74446058970979,0.8283840203821771,0.688823724028576,0.8763330058609098,0.18203633954767062,0.1579817547527813,0.0348908052524269,0.007389714418657528
120,0.8503915690791861,0.8813679023174626,0.7872011167135666,0.8554514378291019,0.19357866317542777,0.18169133494421516,0.05181655895656778,0.03484282585719209
121,0.647226671411019,0.6535767290404537,0.6114240502013897,0.6598509889192581,0.10692880346441727,0.1254551283119401,0.023822281976172064,0.019431209608712918
122,0.7770034932225071,0.8006218113210337,0.7374150806560662,0.7159685073857954,0.10154712041102373,0.11761596874920938,0.02479384245660771,0.024622390607119068
123,0.860951367242215,0.8473755003123423,0.7496064844670559,0.7356391301805743,0.10776701250636175,0.11163420422260559,0.03037555266773799,0.027394195507185467
124,0.8787158082572278,0.8570121619350057,0.7346161340293976,0.7472927688833554,0.18196756292394686,0.14106677171815604,0.040138782985841295,0.038662392059689084
125,0.819849677199581,0.8622067027198708,0.7936028531481343,0.7916613608646376,0.16206009817776548,0.14384810172097182,0.03118518640143436,0.037528904832514164
126,0.8042908233168138,0.8053847488076399,0.7399824352453707,0.6977293370991156,0.15023944566579847,0.144962538742648,0.04305346442714823,0.04923525611148876
127,0.7744861562642789,0.7764589062409543,0.7387513438022643,0.7366701688031819,0.1405333659641914,0.14719141278600037,0.025765402937043356,0.01445910597354226
128,0.8872852542724788,0.9450272576765038,0.8748502554791809,0.8704856581350273,0.25692197214225304,0.23953433592596327,0.06934179499533064,0.06349679864013719
129,0.9955384662456432,0.9711879320770315,0.7979702859486476,0.8446012029352541,0.30025598923779434,0.27198880098221595,0.0798038472949626,0.0756165704942883
130,0.8722280432718301,0.9047556430018459,0.7840625224120144,0.772948938282342,0.2490140358969913,0.22940382753723515,0.07205554330309902,0.07591127619286948
131,0.8845059973885406,0.9037341606385678,0.7655889116526046,0.7408266120858692,0.4694293396275004,0.49501961778763304,0.10007714347652641,0.1150825752959516
132,0.8751792690467133,0.8970077022688618,0.7483388285571139,0.8232995941131264,0.5994068321059093,0.5879869862858884,0.08819068030041874,0.09043781125210025
133,0.8423993852833475,0.8283629368052695,0.7424319171890615,0.811476923622253,0.4480631764803647,0.4493647933157649,0.12270808524673968,0.10751846236570126
134,0.8651978741907732,0.9214435656232538,0.7860653049120694,0.803922515373516,0.3181102428101709,0.30026826864190187,0.0683348838585116,0.07421671842602769
135,0.8992909457494037,0.9112358237171931,0.8194163840140879,0.8286040888916961,0.3363205991016665,0.32975111790412764,0.07363958643297287,0.0765620846105696
136,0.9705629677855572,0.9702423619856502,0.858696108341178,0.919513338591077,0.2940676615804395,0.29296670532910685,0.07595474709448928,0.07794320889536557
137,0.9017256437268221,0.9513273078154576,0.7922891649630625,0.7952694252721058,0.22053951193786706,0.22098888183637017,0.0667426641751754,0.07123636316020655
138,0.8339489306919238,0.8225782132924212,0.7014546567234728,0.7156183311159178,0.23177375940044495,0.22250550524381818,0.06461939140474816,0.06563047367638018
139,0.9003709376759215,0.914183071134253,0.868061666062065,0.866407127215156,0.19754300738197006,0.17032242578014375,0.05715985108959643,0.05668801269616816
140,0.9364975666530544,0.9525018445167096,0.8889354227327658,0.8953007971554539,0.3127165123683188,0.26850974860307475,0.08377378332844351,0.0924241538746285
141,0.9122748171825888,0.950727616033067,0.8935338542467349,0.891997656804621,0.20665398207412075,0.20182325566521225,0.06021556639941762,0.06898951366769097
142,0.9445439869390273,0.9244463390723963,0.8734235992936632,0.8826766972971077,0.256365527096028,0.23573944875473496,0.07751630749178762,0.079156507621324
143,0.8352948162955274,0.8444528372980237,0.7136968680451178,0.7017751991473924,0.20340728455743573,0.1897239711480158,0.048509480543411435,0.058204636103616175
144,0.909754777124397,0.9548469100164977,0.8036878490309193,0.8919193942168319,0.36978681117839535,0.33741835552277377,0.10072972221281117,0.09756126070849327
145,1.0013366199227831,0.9419517041828642,0.8453270510001203,0.8612117870547384,0.26854420850625216,0.23008957139989045,0.07426509051127829,0.06461154053229537
146,1.0254405427683504,1.0896370163258076,0.883300978130819,0.9688246536356533,0.4094039773259097,0.42083551289724364,0.07584932126343724,0.08780513463764394
147,0.9288049272046468,0.9787592258717543,0.9154114978410511,0.9146079765651882,0.2757473296239821,0.2826655171531941,0.06467992459353965,0.07859608105674878
148,0.9072847241294131,0.928407588090517,0.8039844314993503,0.8007361448407665,0.2890936189101556,0.2736046290383282,0.0768750821821013,0.08656282419170636
149,0.8679785164905883,0.8937696927529118,0.756995495392563,0.8715039705435693,0.38471733121672785,0.3806940689468566,0.09794877038887748,0.10536844103388088
150,0.955230226236839,0.9299014751701524,0.8658628419860775,0.8680222318164376,0.3553805689429356,0.28507035664028435,0.10303198560803496,0.08899045836587798
151,0.7721319867303215,0.7861563702100741,0.883331555329694,0.9070981165597672,0.3757590191937284,0.3785969577353656,0.03663106213984783,0.024869003605833218
152,0.933705257641599,1.0186427315778732,0.9784768582456265,0.9377815626136022,0.2817651270134779,0.31637885934661975,0.07580373188927439,0.07750193607684046
153,0.8967417097259108,0.9069316297320387,0.8450023121272943,0.8067029297931899,0.239480982477437,0.2260891038171006,0.04782325349682685,0.05418297119254405
154,0.9564031880036402,0.9832316116348866,0.8579763091910175,0.8451020139339959,0.2750178996373765,0.2663787132335169,0.08455689172854107,0.09105337754674682
155,0.9918531665022069,0.9947313416668015,0.963366966445532,1.0056426751135716,0.2881362420527358,0.2679059572679723,0.06666306236962351,0.06350599820884632
156,0.8564980257152578,0.8774559167465511,0.8254075361719101,0.8315177870664762,0.252770285045907,0.27026520738089965,0.07171208555815885,0.06458874584521394
157,0.9080711430645745,0.923121633999687,0.9008674061909776,0.869176279439799,0.3594836126175919,0.37941756647029684,0.08142262225484533,0.09846165084820951
158,0.9180454257760842,0.9537520086078629,0.8027401697512467,0.8349213238738966,0.2843523239972195,0.2722369478134428,0.07768429357349184,0.07222496601749087
159,0.8817800117910978,0.8770994553122738,0.7896332263910946,0.751321001478135,0.18397591943417038,0.17580402411548,0.051869310453779544,0.045418414009736646
160,0.8271995846785903,0.8602011681742059,0.7964610560601976,0.7971849317048845,0.2503816972527756,0.24088084655703595,0.04597628161422872,0.05438012686881079
161,0.6703510232889983,0.7075389280614273,0.6287483689411464,0.6400354846108705,0.1501722091413197,0.15111249951945477,0.030157854940394167,0.03086307272399546
162,0.7360652179565278,0.7560055978757116,0.68367300561909,0.6993170537768538,0.14896746209433415,0.12501944152620692,0.03100999309557906,0.03202864100522537
163,0.7236476115099174,0.78395320852537,0.6609777945350048,0.7157409923638044,0.13604826408641604,0.1324242282540205,0.031656442730546915,0.026044084536053294
164,0.6515435227013903,0.6838175540061217,0.6296163120775898,0.6512555426488044,0.13971147868456718,0.14546096255920551,0.032635911874437595,0.034447929790635365
165,0.7949066087944047,0.7941280089729085,0.73028447838155,0.7322726231128968,0.17985012420120744,0.18455157609188272,0.045986076305667624,0.061735940139429825
166,0.7510864015177,0.7475139197863812,0.6845669126674924,0.674181418810834,0.17199478166720414,0.16703866779911727,0.03743531067950195,0.039002461309727045
167,0.695877792436176,0.676929860733269,0.6329596934998637,0.6597707015682687,0.17846053475235005,0.16826628109211897,0.04359614471990945,0.04284554042643353
168,0.6545457161533126,0.6842964086802045,0.6130194834469795,0.6446059192233995,0.11519157517785082,0.11455443432408638,0.02957031798019083,0.026175142745747434
169,0.7241343932104702,0.6956670810807747,0.6465421963437771,0.6560631038424958,0.13533569970508827,0.13084080190113365,0.0315602921535921,0.03129845344656562
170,0.6416290050518012,0.6693526343995085,0.5922125052037132,0.6074288488256679,0.14367962650233218,0.14181184372554329,0.03243308784368038,0.03226725666256361
171,0.6893379273438168,0.7057481352491867,0.6435267237799237,0.6121650844505694,0.14785158990095415,0.14267591145873068,0.031115166351647083,0.03724219209606679
172,0.6615869884296047,0.6783581055246118,0.6211549719482719,0.6186634538015255,0.11737356440307152,0.11173530424510124,0.03485945986212579,0.033174964180255416
173,0.6518889737816095,0.6723210065192555,0.5633422532498659,0.6022699173898624,0.12784711268413085,0.12222630843996234,0.027597799720591325,0.028976816910930802
174,0.7305924246673583,0.739366714208637,0.6987260388315908,0.6918293544974137,0.1456521447619317,0.1350738609980618,0.03226725666256361,0.0362210211386635
175,0.869041305688314,0.9358765804230643,0.7762575652385885,0.8407367943640148,0.5286944317957654,0.5301369982258051,0.11366683691056811,0.10633070848429758
176,0.7620772277831425,0.8032463713195688,0.7007546684490852,0.7679406214380141,0.25619733204953843,0.2480474482011942,0.05876300517580732,0.06720880008672381
177,0.9060556101993513,0.9170589870003963,0.8624515189091657,0.9802457456105531,0.8553679152479297,0.7974556543770176,0.09045014812625314,0.048184184688849135
178,0.9423589291208613,0.9447433152961611,0.7652708809972705,0.7923238231023984,0.5855710039476746,0.5546113090260522,0.12041114321169413,0.1074157157137292
179,0.9459067623266327,0.9356112329064589,0.9017043267157347,0.8869634865371037,0.46572702360591056,0.4584032248072472,0.0848155083097731,0.06724578896954535
180,0.7908908173481358,0.7880532091632645,0.6660418297670753,0.7891404504538017,0.5981225648517811,0.5855710039476746,0.12951040838579103,0.07148718086641435
181,0.8169800888521962,0.7882283718222309,0.6561803867052561,0.695833678449225,0.43228907353524554,0.4582306100207467,0.10988164123516467,0.10943777464130629
182,0.7924456217534406,0.8119502986104461,0.7179439398660896,0.8049863240575202,0.24771454825580042,0.24944069612080524,0.05771498682919724,0.05865203852734272
183,0.7864033746118828,0.7883701380075613,0.7021207704757806,0.7207894642999378,0.3028219315114745,0.3067297459575009,0.07666278512362654,0.08180582827385664
184,0.8074171908792905,0.8047424769949733,0.7027959359528331,0.7387611022766661,0.37621697524488934,0.35652069208876797,0.08894769605452553,0.09555055494608733
185,0.8057148052974198,0.8389076137587126,0.6687416624473168,0.8177817342850477,0.43036490989643866,0.433396834897666,0.09449499587158594,0.07103687984357132
186,0.7342462626265482,0.7835102055015686,0.6889950809513574,0.728072200228763,0.3994392748839196,0.3736454536697743,0.09081176846268753,0.0834340842930343
187,0.788441169154356,0.8113080385197234,0.759583323770799,0.7297630767685315,0.4003713110880006,0.38189902728422653,0.08769000864660899,0.08578101883102139
188,0.8281755793135499,0.8362542724496201,0.7290102616922265,0.7607197470209751,0.31277113725624284,0.2883360676167216,0.07411372225222428,0.08216516753326136
189,0.822009333509306,0.8306800555679686,0.7057029324593963,0.6848496626289688,0.3000258228992315,0.3054945172532972,0.07759482132770754,0.09458483068643712
190,0.8602641420166015,0.9090323147824035,0.782669207228604,0.8811147487990988,0.28778582937575814,0.27108778316529486,0.059122537523933455,0.05744936409733021
191,0.8295037740755294,0.8445104805683041,0.7310109120833247,0.8097881651819363,0.37620574589303296,0.4169346050761871,0.09101389679610268,0.07906586642089562
192,0.7926233842079797,0.8165276353000268,0.7012974641330414,0.730288296091906,0.4042678961821706,0.38700838237888746,0.09596604096477404,0.08772369670217818
193,0.9959030557871109,0.9847566778754504,0.7451092403358429,0.7616526674690649,0.910172656016596,0.8488716242325215,0.09407950985289923,0.10720662217302805
194,0.8797478321465756,0.874729053592492,0.7908641462400353,0.7923572733221849,0.45860672981527867,0.4343625591573162,0.10823972254381663,0.10306299133801733
195,0.8212161450139945,0.8489947189484937,0.7173890634595118,0.7386337080130218,0.44215572934565617,0.4445700399947817,0.11220368374912498,0.10688097096919252
196,0.7454392302729087,0.7990007140899092,0.6928755457285718,0.7127400592454229,0.20386888295289873,0.195121217856765,0.05762903372703257,0.06096415122838266
197,0.720462288683785,0.7414693752959274,0.6743547136931404,0.6823186169315956,0.3431016166203728,0.32112577503740264,0.08601683522000575,0.08512971642335034
198,0.892239689663693,0.8787507461601196,0.7689892019391383,0.7860370637792982,0.23937609352282802,0.21092091591871645,0.06417574585931238,0.06900436715756336
199,0.8721632257427391,0.8707186530696049,0.7577943603997143,0.7748309147966025,0.23649015009573382,0.2440699625988022,0.08630879836827209,0.07515805197486924
200,1.0445596327173752,1.1443200620267968,1.2758920275769006,1.2986451794656795,0.30036270345492344,0.19052841294749837,0.07416986901150625,0.050756670390917226
201,1.2969937234620272,1.3222221987828662,1.070740991800104,1.1931850115945462,0.4486126066630848,0.40206694321831665,0.07831349984651698,0.059290977801779415
202,1.1103667183683372,1.1990424319845288,1.058635324229462,1.2155220787630965,0.4226166571155243,0.3665597326483874,0.06748840465694968,0.03240790945756352
203,0.7576529594972671,0.8675629013014042,0.8090831047141922,0.7279823707111631,0.22687782490665745,0.2162997754579309,0.04908349696431399,0.07448429086348539
204,0.8659951710968202,0.8587721106717826,0.7905169941246352,0.7752880629206845,0.20244275526713623,0.17942258396152114,0.06134594919150018,0.06660128586029426
205,0.8334709848590965,0.8701003602563535,0.7618806727829367,0.7726361791777311,0.17170801923617596,0.17500944868195686,0.05143043150230109,0.05585479613372175
206,1.3537268746094788,1.3584836475315283,1.2153089500565126,1.2845322038906564,0.3463581286587281,0.3671998057042021,0.06852150502773825,0.05108232159475276
207,1.351851960494653,1.3690693409830101,1.1654283598102535,1.2224826322174163,0.33821684856283984,0.3025187390113518,0.08445595531196648,0.06116627956179782
208,0.7170437913330041,0.7530514335126488,0.6641629824159858,0.811188864803571,0.4229984550786418,0.2899194062284737,0.00021335768527155474,0.0022907877787051137
209,0.7844727608443836,0.819686602085309,0.8158883899581948,,0.3585756634784887,0.26962796742396317,0.0045029700944154444,0.0
210,0.8830181916513555,0.8378267462672251,1.001604950419668,0.8441130939635813,0.29890288771359175,0.1780750617387534,0.04325546335084362,0.03237422140199433
211,0.5989113761263836,0.858968376614589,0.9910009275149962,0.9664080800556716,0.40395347433019146,0.30569664558671233,0.04328915140641281,0.04458052686989854
212,0.8424203199626191,0.7743134108629355,0.9317388893699017,0.9095736856168202,0.39703619358665054,0.2675393079786732,0.04497355418487246,0.03685473279269698
213,1.1750183043756952,1.2618241735660145,1.1435259866921825,1.2045562021131795,0.4037625753486327,0.3624385605170895,0.07620238169751423,0.04011124483105229
214,0.8136011984628568,0.840164922768361,0.8405055956439519,0.3898680094605941,0.4140598910009493,0.35177067625351177,0.021335768527155474,3.368805556919285e-05
215,0.8444150299303098,0.8449408182026146,0.7298089322611416,0.7599489737363683,0.19528188089201545,0.19014147785425156,0.06007111325420122,0.06909086411464345
216,1.1464377579629241,1.1507815674658153,1.2587033941098618,1.4510939083804746,0.4234580664622788,0.3536618663798756,0.016586082150955396,0.007480836021693801
217,1.0634291515229735,1.0901486116550476,1.2530795920651552,1.2709149320506987,0.38707982957964204,0.292180081190155,0.012631925968060103,0.007427401478681702
218,1.0150979862909628,1.0067685303845153,1.2303908667266115,0.7278338384684048,0.3612709453047985,0.2166663850054573,0.01611585817244893,0.0015923493817605375
219,0.8061682111565464,0.8361037431872194,0.7471463723568316,0.7314165455082626,0.19625438957483565,0.18281025855299163,0.06461304941022959,0.0607657623133585
220,0.7992661018147,0.7954560125209211,0.6577647123988314,0.67061273674979,0.22622048129602051,0.23230133229079733,0.06856720559312489,0.0697107048135838
221,1.1831045029757188,1.1840093185407377,1.4259975694870297,1.168619066606171,0.2959098122923995,0.18183774987017146,0.0074594622044889605,0.009073185403454339
222,1.1794522063942372,1.1497011763664544,1.352475301929003,1.2748020698227427,0.4354487779141937,0.31507143941653803,0.01650058688213604,0.0041037729033291705
223,0.7933568135189177,0.7993074193360269,0.6953905741676002,0.7024986916685659,0.1549815485522907,0.15830517712764325,0.046156758253850745,0.03646373215145607
224,0.7600855510068878,0.7672047996913749,0.6973544797803997,0.7081913173324442,0.16098759118685058,0.155804440514677,0.03851561860312065,0.043623960915077274
225,0.8335926441717957,0.8454692786516704,0.7049921261828253,0.7075975573932701,0.1621310904073095,0.15039686476185266,0.03828050661386742,0.04401937653336681
226,0.8038000567511973,0.8095654683803037,0.7224484412145784,0.706775746641106,0.18990636586499834,0.1730958586333921,0.04016140252789329,0.04588958553879025
227,1.2828283418844553,1.1797341541274768,1.309832819758718,1.351128942339522,0.3572954153046983,0.34799780482059317,0.005033533951739686,0.005428949570029215
228,1.1291021041952822,0.8255693005964951,0.42075025322526705,1.1249791575632744,0.3721288444448569,0.3517809704658498,0.01904407112951193,0.0029388998656654217
229,0.857847378977384,0.873824130424693,0.7563741888734379,0.7806309054942928,0.2261029253013939,0.2222449512959204,0.04815521016250324,0.05982531435634556
230,0.9196769444526256,0.8918889037422486,0.6949686181791505,0.8358808306764186,0.4107513321340017,0.47541781608724343,0.050987240942144456,0.053797897904580845
231,0.7359592491330832,0.7108722337711232,0.6739265483483129,0.683416828910363,0.16169292715461028,0.16156468425138124,0.041881994812882864,0.043709456183896635
232,0.7853321185883998,0.7738449812830795,0.7091162369114998,0.7085528050000873,0.1888056142789491,0.1910926127198669,0.034796574409478594,0.04631706188288704
233,0.7398046707624416,0.7411214990156346,0.6617271818119247,0.6926864028398678,0.14105650664333783,0.130978751831256,0.03367444900622452,0.035726335457889107
234,0.8060618197558925,0.8133101297609276,0.6758185640285953,0.7056843784175719,0.20465429973633753,0.2090679929891369,0.05890624021653747,0.06393977416827715
235,0.8446790200264364,0.8401345985538593,0.7244487557680007,0.7590324590370706,0.2792061741468175,0.25730869842045945,0.06419625997473523,0.054962770942244596
236,0.8707777271560039,0.8818510495296964,0.7870519551322297,0.7607088492909168,0.359935081729496,0.37093191068138587,0.07100382075447659,0.07705261102344614
237,0.7492463077348599,0.7709086328940855,0.6551308603204204,0.6541409124296189,0.1524808119393245,0.1480350579607179,0.028694349597496935,0.03076760986636636
238,0.6453309153555234,0.6819498030064605,0.5988277941127571,0.6022219220172729,0.11472954814440899,0.11406411866639848,0.033366535254526104,0.03751121028899145
239,0.6545547820535632,0.680196767565818,0.5822301610856513,0.5896838989462603,0.12093705456070686,0.09451950428369033,0.03268209350571531,0.03509665189735338
240,0.7078809991379009,0.7323009010202919,0.6459458422505447,0.6300519646311846,0.11881718636647344,0.10987191295493239,0.03300530210932041,0.047426109511347785
241,0.6733743295241365,0.6864312201756516,0.6238545547078306,0.6222967854976281,0.12879862853663082,0.12040471097829847,0.035866648864765524,0.040971443574646015
242,0.722028204609911,0.7576528488113212,0.6742086739127409,0.6594745375110938,0.1096437657053288,0.10758093432349627,0.032159256058707064,0.03612331452056957
243,0.719194039607467,0.7158724815084412,0.6646332010149149,0.6702946621592479,0.14626139926670614,0.13846636823858324,0.03680775626938036,0.04804400831235753
244,0.6631742404703911,0.708564059534978,0.5770403672787565,0.6117559064837945,0.1094536429973258,0.10578427473286794,0.03441221014854259,0.03304332665092101
245,0.6206184811964074,0.7050857443711466,0.5765860308220516,0.6133951937393596,0.11393103277079639,0.09005162064561988,0.02843285098184831,0.03415554449273854
246,0.785277727235114,0.7696827789538825,0.7243528473400771,0.7010301284026982,0.28872553565773323,0.28212799663436355,0.08272374226483264,0.08066812921600826
247,0.7527278447324102,0.744243548521126,0.6541433108333464,0.6766266365895359,0.19648724156691347,0.19015399564982122,0.0528194667212208,0.05874159002854819
248,0.8218951906468873,0.8260055125578215,0.7586672167232095,0.7865903524573251,0.29684031288380663,0.30437756072949607,0.09144541477198753,0.09306053931034954
249,0.8213242868309816,0.8260026139969256,0.7238498780795566,0.7116924971302669,0.31658398678608657,0.29808346934666713,0.08342852388157243,0.09995173734069414
250,0.8621778905475311,0.8865996625546174,0.8522107804863185,0.7844157128866747,0.243032194172437,0.23222554271576024,0.05902546040195727,0.07785879138261494
251,0.8041748983607724,0.8534376015378543,0.7614690261829973,0.7511721573460118,0.18091352556367732,0.18197069798878698,0.06094403258086002,0.07065435707816377
252,0.8172953187072604,0.830702761091855,0.7675205326348351,0.7954689419110553,0.2522139324571859,0.25063796245308717,0.07722253020083597,0.07250440882210572
253,0.8660297725614823,0.8564299389030545,0.8040138698185256,0.7934612825209064,0.18554354924031508,0.18210773885870862,0.04558566651607214,0.06492800644215299
254,0.7266069491507327,0.7623563715146098,0.6627805019767207,0.6586377169408049,0.11814880713957283,0.10535506306903251,0.029806389207953546,0.036482237299849875
255,0.5413100779405949,0.5342282020556219,0.45471164600197234,0.5806846759943071,0.10679399220320958,0.143706929379956,0.014301193639678203,0.03651160320054737
256,0.5597549790405099,0.5572579120972759,0.48857952898417034,0.5225345957690982,0.11755170049205718,0.11148274768124233,0.02791718292974828,0.05789976754188677
257,0.7385715965248107,0.7397349026950654,0.6379688695333016,0.6042907293210977,0.11641215004044735,0.1278504611796153,0.038898668396067475,0.03800505033831998
258,0.7192478741484912,0.7417664968010601,0.642610889688284,0.6230163923257903,0.1238066373406228,0.1279668066061007,0.03994741358215383,0.04297210135399542
259,0.7191951715231614,0.7120730821118421,0.6620586747200186,0.6736192336701516,0.27445638841830744,0.2748558882558887,0.08273851899379758,0.07899583630487865
260,0.7618236050307814,0.7581556337273789,0.6866361497112494,0.6838187214235606,0.10825249860451831,0.10208565945804517,0.02744732851858842,0.034230851579708885
261,0.8420262451021526,0.8456568194751037,0.7619179044777928,0.7609867755940803,0.32816809026574223,0.3125455439855919,0.07679858719818188,0.08384240012395626
262,0.8301257461674415,0.8087258178492888,0.7181748953186228,0.7528066413413532,0.2432007827043862,0.2371031536044621,0.06702135433106221,0.07157354984876416
263,0.8244026509669772,0.8454411663080901,0.7365024558207235,0.7575410882157587,0.3117044916959472,0.34136209805954354,0.07322411496719189,0.08192900616501456
264,0.7402130223352991,0.7464132732914466,0.6830287878061587,0.6997611431450003,0.26361732703551133,0.25962232865969903,0.07579983760422879,0.07257229944271724
265,0.7966664726073216,0.799129456796244,0.7219820361715745,0.7149682298851505,0.24208638842060698,0.23755521921014613,0.05923110749822815,0.06117604091803153
266,0.8496912879833812,0.8717482497528031,0.8281209762665932,0.7655978762495798,0.22688436828527897,0.21711764857177987,0.039329707694510385,0.06512898667936162
267,0.8592385533188641,0.846691918679241,0.7507728739621525,0.7384869601706365,0.36580518022734265,0.346093017188795,0.07481160116389626,0.09672101330914075
268,0.8291585332916966,0.8407478068960413,0.7255424863910528,0.7717248809147172,0.29314877555566093,0.2899002110869083,0.07832299447316289,0.08470447872084207
269,0.8185010492936512,0.8412938514588356,0.8144624683191538,0.7764985075265487,0.1904142383755606,0.1861248716983726,0.05063134783661107,0.07071147125187834
270,0.8219812514205805,0.8498960131029167,0.777244027298412,0.7398460634486552,0.24074070475717546,0.24107712567303333,0.061480922373027734,0.07271948359340506
271,0.8631130906600734,0.8924492210964529,0.7938930144527828,0.7958528907181041,0.3313010100446688,0.36367101004236924,0.06950245858551408,0.09043414744404661
272,0.835339127532936,0.839398425130474,0.7007236857696996,0.7247827935739165,0.37366901913552064,0.365868259149066,0.0716156024632464,0.08870999025027497
273,0.8535075216768259,0.8618182750279922,0.741637212514095,0.7157154041578215,0.3336559564556739,0.33920690156732897,0.07888019161505251,0.08423138680791693
274,0.6799169021766742,0.6962905246298311,0.6423956588838109,0.637123910664896,0.13781693081190502,0.11222791489946496,0.053091425783821825,0.03930868138726927
275,0.5769278612401617,0.5853611131767615,0.5124226827809243,0.512446147760143,0.1158864923594194,0.10131526144132494,0.016705401103067896,0.06591747320090353
276,0.625509512688442,0.6526986737497554,0.5470955255223838,0.5257552932845142,0.13799979310758448,0.132656493174964,0.033749133298073566,0.04217077464386649
277,0.5192559618811848,0.5412849073771072,0.49869645916775146,0.5778323087407352,0.1646412112728046,0.12113148325003788,0.029707245995412183,0.026916716990788375
278,0.5302362554663632,0.5635650270490146,0.5172548579286947,0.5121538734456733,0.15735830597822587,0.15649486875257992,0.03512562742591491,0.04887805512134793
279,0.5951856083405189,0.6567574957898499,0.5891650757629645,0.5577575878079063,0.1772048485851019,0.14694700493855317,0.035801360906855206,0.03792867001351909
280,0.5455712582376626,0.5776167839462746,0.5125501418322055,0.5376397689023843,0.17799320431286558,0.14841109414725714,0.030745873382783374,0.04239601913751326
281,0.6231300778308085,0.6427377142216932,0.5491097385402613,0.5610371957839074,0.209539947006393,0.1804583801599996,0.03950538146904645,0.04479862706974541
282,0.5267336127364558,0.5975809426508236,0.5528362275668873,0.5436521393560619,0.15285341610529057,0.11497480042369297,0.01715612226609524,0.026190929177926578
283,0.52099078823627,0.4878475261416439,0.5433402293792202,0.48531988567996737,0.15624459709297242,0.12195737972674268,0.012951558384688967,0.02460170413941885
284,0.7810277854045458,0.8060569061413403,0.6050913817896362,0.6957132580774755,0.19781589269299596,0.1959008382702376,0.04999907149538954,0.0619277839841373
285,0.18175163658878177,0.17764370439908753,0.17386129549095927,0.18147760185307202,0.12449007395171863,0.475775659331186,0.0006345059834440297,0.09052669912882366
286,0.7881089211578968,0.8041529393623148,0.6900507541198444,0.7053189687834206,0.32642448730088763,0.3011942221046678,0.07141076431851898,0.07586384267505344
287,0.7848224076544529,0.8021103634987408,0.7590530251676236,0.7020568682802343,0.25617890669742044,0.22970270247916502,0.052917799019232076,0.07354501171737617
288,0.8079266763200746,0.8604868726195348,0.7268147375938987,0.742245841473091,0.29449153162501357,0.2885271753806397,0.05936668710550867,0.07691366166584265
289,0.7212190242634189,0.7443551849150466,0.641896750510323,0.6679347474561796,0.22324227792046217,0.19853115398342377,0.0523986577600506,0.06153554392164463
290,0.7284845894307108,0.7713706862309956,0.6693459691283267,0.6278107493993615,0.22155795294622893,0.2130901821853577,0.04570750375282265,0.055998037157042185
291,0.7343787624521066,0.7947963519490461,0.6613666315286776,0.6559166554075911,0.19389349206806922,0.20883322386006956,0.053344648499003514,0.05513280172507305
292,0.8061848904627907,0.7837471319394983,0.651242353412587,0.8072555061435003,0.31305095230185587,0.28101706036832674,0.08188895569204598,0.034908019777700826
293,0.6078445810973679,0.6321904408768392,0.5929272409094638,0.6022017570091389,0.11202781827776959,0.10472405933310248,0.02380630618180683,0.02473013298886202
294,0.8721649593516344,0.8331909073995342,0.8568902338499542,0.8189814349800674,0.2412293400200267,0.2606928706131125,0.04870225423860183,0.060222453482136215
295,0.8623178937365945,0.8237708415162741,0.79956549280968,0.8266137158962331,0.27184195994270166,0.2764453020667459,0.061698997182301346,0.045385952879942175
296,0.8534302243095782,0.8548954698233889,0.7888445002111611,0.8335893409689474,0.24648015050457114,0.2506413191141274,0.050028774782065695,0.03040732507666272
297,0.8277288753702544,0.8130487530472865,0.6494518315474677,0.765393195364021,0.17694836535134031,0.16580717197736702,0.03920341963272667,0.03759264468709198
298,0.7264764977672161,0.7253183320447104,0.5905050150623701,0.7435040884951193,0.2710760522479636,0.2830858007396811,0.051434254881688124,0.05281604711446298
299,0.611841149540463,0.6171441931201199,0.5363392915447844,0.5425833391239585,0.09002968593199386,0.07808310508520323,0.019179276190915022,0.0217691496329159
300,0.8136473286814222,0.755673496692653,0.728228055707792,0.775693779607845,0.2727420988829093,0.2706575666003232,0.05351089120865834,0.04900230055200437
301,0.8167571906719835,0.8180803547908787,0.7571623195972829,0.7581091945334705,0.22895112903737008,0.23555214793222598,0.05054990785271221,0.053258220628950935
302,0.8593533963168882,0.8243081036509725,0.6933561430878394,0.7108969023536998,0.26568311456233373,0.2622167900469728,0.07035296453727988,0.06409147173390582
303,0.8430718525735904,0.8282089193574085,0.7619731553161916,0.7545851157352158,0.27057860704416464,0.2611192522163688,0.06554432756722338,0.0507157229206452
304,0.9557151453232432,0.976189609962211,0.7896611047747386,0.7941131151061547,0.35302817558493643,0.3402762072653285,0.04472269260821024,0.062409633187728415
305,0.8775293761605509,0.8889623395231759,0.7330267922369665,0.7738832237138001,0.351733238863936,0.36808576294437445,0.08217321009421681,0.061414742780130524
306,0.850342263395161,0.8610720570653959,0.7664581515137358,0.7721773518911087,0.24001336285518482,0.24118196428633154,0.06231488172033814,0.055863885982183524
307,0.98962260803732,0.9974761509889564,0.9179640424869137,0.9232032311359591,0.3071842572792746,0.3052339562421581,0.07384297691948838,0.07911747527088041
308,0.7831074635244769,0.8035567959470828,0.707646625277612,0.7064103913939126,0.22216459912560274,0.22194719566232296,0.051763764606914585,0.0652210389839327
309,0.8265945164940801,0.7829477999239555,0.8097571815153803,0.8733168864511277,0.40178334048735337,0.4359809052612621,0.08138498647878402,0.07389543716879575
310,0.7256840489880916,0.7052187485434879,0.6236630130518682,0.6199350972921366,0.2176426070893834,0.2166751616777884,0.05033977192243205,0.05852501231491561
311,0.7553737866321512,0.7206736190611188,0.6673798626680105,0.8121893474647626,0.2633734255902842,0.27915691702439593,0.06273176932937927,0.060699046947713366
312,0.7268299991425224,0.749937498362192,0.7813060050892245,0.662895545464216,0.231621649778273,0.21093571024720234,0.04295892434408367,0.06552540383252438
313,0.7677348196441698,0.765698554670537,0.6757207057588669,0.7977889354120923,0.18949972876781646,0.1994241968665382,0.05955767876549454,0.042089310490964565
314,0.7295900469306108,0.709374711222372,0.6524484288192965,0.628754327415299,0.2978970955591126,0.3112782787239828,0.07402587924676361,0.08712443790937009
315,0.8699022483957669,0.8618657176917416,0.8022511851033607,0.8191076494273964,0.3802821379689836,0.37718413861724676,0.10657117769974603,0.11943059255274475
316,0.682825230078735,0.6914518305019509,0.606389117047914,0.6100373737348455,0.17584902101827288,0.15769686400993504,0.0387418251991072,0.044156020544415885
317,0.682678459018869,0.6921745210495691,0.6060566809102796,0.6048471989782017,0.17589395209997669,0.1568431734575627,0.03842730762718055,0.044740124606565373
318,0.6583812366993557,0.6715891797661282,0.5783280467370752,0.6025285230800148,0.14640792973185365,0.13389462347734352,0.03939332588381239,0.036888418078825175
319,0.6579113093290367,0.6724560434059565,0.5874468209637783,0.6055824569531574,0.14803668144361662,0.13354640759413902,0.04110070698855704,0.03720293565075182
320,0.6053192055737185,0.638420113279481,0.5780486973929633,0.586456166367961,0.11783176176823268,0.11308029987805514,0.032148188959073586,0.034417208585115815
321,0.7646044123736014,0.7579021704999996,0.7275140766158751,0.692718654059531,0.49384875177696375,0.48050422051093317,0.09172680329832107,0.11217044547355305
322,0.7109466425592499,0.7032038057932277,0.5910071335299603,0.6052511744290131,0.13063712005381753,0.1270650990583649,0.04095468097301967,0.041797138754966046
323,0.5466915624875119,0.5567396603743375,0.5226025668838047,0.5595535703473975,0.1953837566237185,0.18843784803438599,0.04240533338545155,0.0411861900764694
324,0.5029360348562828,0.4769742302687047,0.46662116772730833,0.4948558363310624,0.21053482050968747,0.20893068457681624,0.04840480177439003,0.039493826667290226
325,0.5753736957426949,0.5977863006405412,0.5619577597576002,0.5642201967694469,0.19106061028463048,0.17175483433252495,0.0417716996919674,0.040151522399767436
326,0.5029908209869447,0.5328032773866703,0.5068933571013277,0.5059753624971657,0.1625791767965014,0.16407102321407166,0.03256395943728642,0.029347666891879558
327,0.5492844644533224,0.5696361705052101,0.5288413325476407,0.5472364135490839,0.1608386893093361,0.1252830163572448,0.025938878034528146,0.026636677165327142
328,0.5869670427840061,0.5825573710465518,0.5432267903999187,0.5903029358136992,0.18967303270269684,0.1918305955324087,0.04771502332325539,0.04150701726304365
329,0.5654403523975176,0.5470400250005162,0.5340273277615859,0.5047429076338568,0.1759817325156407,0.14617688688289285,0.03468943954834083,0.030109631459993402
330,0.5987793534698991,0.6165242464003776,0.5705857283169282,0.6041813600421146,0.1561947157836738,0.1607263997940351,0.025361389098694495,0.030751285833141902
331,0.6657688869313059,0.6703968770533107,0.6068146392665626,0.6497754993052637,0.1908520726133572,0.1780189851503872,0.057035053093237364,0.05175744587409095
332,0.7066960009005357,0.7636029572258684,0.7646863470017673,0.7284667474482476,0.34416736439752715,0.3472072019903182,0.055350710363722556,0.07310849514060731
333,0.8629537574700619,0.9108656337645238,0.7703735104617658,0.7670910631787156,0.31895034753279106,0.33115782198194127,0.07119155270082617,0.07548261632125677
334,0.8454090251689753,0.8461326282794317,0.7441478650194825,0.7725569284513174,0.3408949270944698,0.36565476521833756,0.044659144371135655,0.04753856837063956
335,0.7814021672275776,0.7761359423656425,0.7187576052819586,0.809992056743565,0.3325133168452175,0.30968646252045956,0.05982624961643335,0.033293841286742835
336,0.6986308047179687,0.7127354164840667,0.6780712489429261,0.6737502752453588,0.16244282524220735,0.15576961976146295,0.04579808088347425,0.04141076910707137
337,0.7172774529052796,0.7099403647337652,0.6565500647201057,0.7065580792201652,0.1721318062767497,0.1747545685269942,0.05242316228623252,0.04887802187458705
338,0.5960771840035831,0.5975912688054302,0.5703680227305551,0.5622176862129493,0.17351938385868335,0.16264334223381624,0.03202657389977455,0.033558523715666595
339,0.6158525954393179,0.5895125978888923,0.5816344777266443,0.5539885722764857,0.20320391929646586,0.21440880878757154,0.034881935860285374,0.04394530388100795
340,0.7013330377437709,0.7254488675138135,0.6299472288731961,0.6543769007282002,0.2054497096024856,0.19929784829992436,0.04463508233214259,0.03899654452810014
341,0.7212612407817839,0.7222585819409273,0.6625453490096714,0.6827702449772309,0.20552991639912918,0.20245799608768072,0.04295876028229213,0.042004299402233734
342,0.8399055008136694,0.811724972123446,0.6967546319730245,0.731472892486681,0.3245728439775048,0.28475016944397596,0.07020500910211035,0.07391858378670729
343,0.7917101006048877,0.783719471671037,0.6944901029816399,0.7493606689300257,0.251656845148842,0.2838759153605611,0.05696286697625816,0.06106143428474421
344,0.8828645509276737,0.8882322878380788,0.7473193665330726,0.7135763674394359,0.3892195220722163,0.3502951636610953,0.059978642530056116,0.05594424065888492
345,0.7954984782747458,0.7836671848906009,0.7090175212737415,0.720286870596366,0.32077104181659993,0.3084833605708061,0.06068446234051947,0.06214422603943231
346,0.7538960184549491,0.79832896837435,0.7163314389643197,0.7193221211938954,0.1912049825185889,0.1831522201355752,0.04666431428722472,0.050024979066589995
347,0.5808152163629532,0.5859366254385793,0.5556594961306627,0.572961999531302,0.17782242534281745,0.1635799693257766,0.038180771948607334,0.033660764127393376
348,0.556989311058334,0.5521243000715137,0.5437416781146712,0.5286634918672523,0.14922229742309695,0.1572076445739083,0.027137772448151267,0.033997549023875986
349,0.5721260485037369,0.5920571575472874,0.5473554475711151,0.5704737575590112,0.19390833553007888,0.1918787633907495,0.04887812379214704,0.0424171714359412
350,0.7211417502819194,0.7047420611020978,0.619496361809736,0.6355285627621211,0.24944239240797433,0.24751031063341622,0.06398026757126192,0.06507924986504728
351,0.655002354577164,0.6465821360700138,0.5775631012833002,0.5959339100604497,0.3124034425293547,0.3176856477478714,0.08750203376244202,0.07956100041379946
352,0.7183825459824587,0.6991978093402695,0.6626653314613143,0.6279281129499547,0.27593318334446165,0.27864518803719,0.05781178630936993,0.06747219518216055
353,0.6217369515413428,0.6344300280385383,0.5777420831243115,0.6099406336645714,0.1546463068085537,0.1594587857240815,0.03171095683196774,0.037134966217424493
354,0.7685218757485236,0.7547759555393839,0.7253840269301348,0.7229956647832435,0.27464088935906217,0.28632381715586874,0.05331386790345314,0.05442690900266912
355,0.8194737880092235,0.8090979253648481,0.7533047319755426,0.7439011359358039,0.25993913786150435,0.2549744941096057,0.07482198583506551,0.057878137159230895
356,0.7424785369139577,0.7615147622081975,0.7145008186629922,0.7590706988359085,0.2540296102987605,0.2360527954229341,0.057878137159230895,0.06490871331111311
357,0.8082578625111168,0.7637152348685008,0.6875932577799171,0.7119684846324992,0.2430833715748163,0.21966947104166867,0.049141965653873826,0.0475404676693904
358,0.8696964356255248,0.8511216378703869,0.7884068320676437,0.8379602423989905,0.37159557733968857,0.33957362513994255,0.08239707130167209,0.07822516905209279
359,0.8066452517453351,0.8017693694030161,0.7899390838124101,0.7158514388507606,0.22315272915792012,0.23457941727720932,0.05681314099954942,0.06393980703050064
360,0.7852477025822343,0.7620687620631945,0.7151654715291154,0.7373313285492523,0.2676423431668696,0.2659447553033172,0.0694409526072012,0.06551728254521683
361,0.8213543359891375,0.8283206012669095,0.7846449813255068,0.8973946612853828,0.2378865106151676,0.20879529972702623,0.05283341850810811,0.04496205591437209
362,0.8128146754450178,0.8655172185208808,1.0590051147731276,0.8623740472520113,0.289919180131034,0.23556433853766665,0.016287234502196407,0.034576341484997095
363,0.8908011864041822,0.8957752564667014,0.8171191011431226,0.8967925876814398,0.3209401960904779,0.3281709594904206,0.07368492226608228,0.05269729117942702
364,0.8589355093984447,0.8669078196196823,0.8537151059427258,0.8475570150572866,0.2436358883794631,0.2299831180617419,0.05959974749255058,0.05229691668330617
365,0.7913427606751755,0.7680981476495107,0.7637787936078494,0.762968190215072,0.19934646161857403,0.17792642607610826,0.052112744415090576,0.04817305937326136
366,0.760160230226234,0.8107060820036959,0.7745590966491135,0.7893401772694014,0.23281776949427757,0.2142003554246578,0.058214451735972415,0.058382609024343175
367,0.7639218365616915,0.7773828983762043,0.7685857121504025,0.8116392163748046,0.2890783936891802,0.28385751025976425,0.05877497603054161,0.06033643656541295
368,0.9314688116206311,0.9488741023762048,0.7598515680970462,0.9145630769777738,0.4525352854754807,0.4233559921981928,0.03021225947727977,0.03825177935938655
369,0.7260216902811131,0.723816547245917,0.7171253563766699,0.6890326718871647,0.264655549425808,0.2520757827576907,0.060192301746809444,0.05369021992980674
370,0.7838808059354794,0.8146122963834431,0.7066145474162799,0.7011863930499507,0.2360527954229341,0.255863325490994,0.04967846747867577,0.05218481182439233
371,0.7845189119615263,0.7898449413227441,0.7484701188864449,0.7461017670455612,0.2490249290972498,0.22280039960133377,0.0707061360149431,0.06298691572973301
372,0.8020075326676538,0.7872476448400426,0.6828861712924127,0.7445146681854588,0.24820015763524084,0.2245940773439552,0.05453901386158296,0.049141965653873826
373,0.8189328149425782,0.841927390962654,0.7598809925442455,0.7617922484064131,0.23968018835778904,0.24506922907557577,0.06338729022585388,0.058382609024343175
374,0.8080106356453021,0.782672372456277,0.7156256368582168,0.7103080833596784,0.20547219140922313,0.2039107308743518,0.05673306610032525,0.05272932113911669
375,0.9446245335448424,0.936349455423007,0.8265007820371552,0.8171695071724672,0.31804949222848533,0.30139391318985775,0.04974252739805511,0.05217680433446991
376,0.7624643868897585,0.7889957946159132,0.6919715629400726,0.7306753993092154,0.16015780593826467,0.1561860909367458,0.03735494048807583,0.03882031114387816
377,0.7687357665453833,0.7861029407780172,0.7334575217012925,0.7504938745926395,0.2496735357809656,0.23190491564312202,0.06100105822897357,0.06053662381347338
378,0.7799564004309617,0.7892365496902524,0.746947178424295,0.7433625181803352,0.22597937310053337,0.2302553727191041,0.0567570885700925,0.07529442774048811
379,0.8044381622736468,0.8190257344401279,0.7791511391006891,0.771233654841177,0.22056630991297937,0.22244006255482499,0.05983196470030067,0.05832655659488625
380,0.8589688309683784,0.8537023711200875,0.8311690111177203,0.8593393213443147,0.27781986285826177,0.2756498330892867,0.06161763495299969,0.08488740066754381
381,0.8883435950125949,0.9007588634970357,0.8515615011072641,0.9116796717453044,0.2827284541807034,0.2910882736597069,0.04656355389885551,0.05302559826624612
382,0.8587159629688247,0.8669281893312304,0.7554494918186563,0.8234889544947367,0.20234927033948047,0.20850703008981922,0.06304296815918993,0.04919801808333074
383,0.8965761149808525,0.8778420871823956,0.8252921427961858,0.87373141690179,0.2478478280786545,0.25737674108633085,0.06537314772661332,0.06734299024752792
384,0.855583293558179,0.8676750252724629,0.8359032538121821,0.8077640865213265,0.22971887089430215,0.2344753199082179,0.05452299888173812,0.06815174672969206
385,0.7797842469004318,0.8025533546782415,0.7678960914572277,0.7895360495967579,0.18166592386987704,0.1813135943132907,0.05320977053446172,0.05817441428636033
386,0.796298588879773,0.7871909764052539,0.7241398719736722,0.7611540407675326,0.2218314933207213,0.2229044969703252,0.06703870563047608,0.07008155180099458
387,0.8183628609252185,0.8189470636995835,0.767157459328779,0.733976114559846,0.1456162042391552,0.14768213663913882,0.04518626563219977,0.04216744193144852
388,0.8642017407147751,0.8986470109912565,0.8220061817908554,0.8595539797541958,0.2359727205237099,0.2309119868927423,0.05018293934378805,0.05068741120890033
389,0.7734127783342997,0.7696086194725296,0.7122252125721013,0.7639093760218569,0.23767831587718477,0.23096803932219923,0.06229827159640514,0.05268127619958219
390,0.7880564722147474,0.788506912542322,0.7677834515865458,0.8089859939512338,0.20403084322318804,0.23080788952375086,0.029035158458684453,0.01720008835335196
391,0.8430362434782697,0.8303414354476152,0.7911528817478409,0.8018604166430302,0.1769174823458837,0.16392933369172313,0.05168834744920247,0.05314571061508238
392,0.8297155769218192,0.8311675261635043,0.76641064105117,0.733134368456236,0.23549227112836488,0.22400152308969634,0.05270529866934944,0.06583758214211351
393,0.8770243208576766,0.8572119744063119,0.8854295619309233,0.8407649449290967,0.24851244974221512,0.2688434666552322,0.036570206475678955,0.05783809970961881
394,0.8517497796663456,0.8633250353846691,0.6694734590986618,0.6707943919591017,0.2480400078367925,0.18745533908378462,0.052601201300358016,0.035921599791963174
395,0.7954922306557982,0.8356694413255915,0.7174670552228193,0.7785892232528202,0.2476636558104389,0.2825522894024103,0.06310702807856927,0.04899783083527032
396,0.7779747425360143,0.7959427569266128,0.6955640526256769,0.7693596723246032,0.2624454822072209,0.255767235611925,0.06276270601190534,0.06060068373285271
397,0.986056269164729,0.9615387668896692,1.0097194801339502,0.9717203468709434,0.35395507704060364,0.32142865297574535,0.07518232288157428,0.0922222614364779
398,0.9730779706812612,0.9764495435976035,0.8695582004388412,0.9229600436919121,0.29807881236197703,0.2843779971047214,0.05883903594992095,0.05986399465999034
399,0.9098338769102334,0.8995848066960925,0.9041955348134995,0.9316053927066359,0.28760501554345547,0.2951640860302172,0.05519562803522116,0.0576459199514808
400,0.9137680250056464,0.9345290486192739,0.8960702497017557,0.9391381983746763,0.34708465068716976,0.37502278302648306,0.08309372292492238,0.06745509510644176
401,0.8411529610339491,0.9057061070447756,0.8070055282387685,0.959609341104326,0.3374276178407347,0.39189456429301595,0.07993076440556762,0.11372237187816785
402,0.8952455590153722,0.8893508328497306,0.8402230354480993,0.8634732593338129,0.28778918781167107,0.28685231149074825,0.06573348477312209,0.0634993950847677
403,0.952106948976638,0.9419242731552988,0.8508436309277861,0.8913326592621094,0.2691957962118185,0.28198375761791866,0.05305762822593579,0.04038977916867192
404,0.9975222282552948,1.0529927708666944,1.0650928155786916,1.0569526061199466,0.2842578847558851,0.30691908123632555,0.06196996450958604,0.0900282091977356
405,0.8860981971488081,0.8445192003311492,0.776264068735346,0.8331316270013918,0.2963598823581675,0.28858875833863734,0.07173915920654558,0.07005139718798414
406,0.796898363371569,0.791198382218228,0.6727521881579945,0.7082266164659528,0.2061388017066057,0.1939164371985619,0.04715532892519187,0.04629290108054234
407,0.7688988115199908,0.8012588343043027,0.6601863354832437,0.6651892763217265,0.20174320172419843,0.22032713076374308,0.051949685868028485,0.05280284029499361
408,0.7821321982168751,0.7554669689534618,0.730871429534515,0.6756038251788484,0.27135874828101564,0.2687621913293826,0.06279031114109619,0.06961554655681718
409,0.7514334421714112,0.7697634716106377,0.7517210127619698,0.7683845024471764,0.3385724796575723,0.3373112948524934,0.07264795413961712,0.06443170607123562
410,0.838857096709542,0.8976915931206847,0.8073680295927279,0.8644296484714837,0.27741429002893114,0.2736771027021165,0.05297903523099728,0.05897893647280635
411,0.7965896526718936,0.8102407374783489,0.7679002985518573,0.8043731563672909,0.30024544436793255,0.31212469242165347,0.06870675162374563,0.054240220036076155
412,0.6805559222627454,0.6976690130170728,0.6238097582494488,0.6216544493066973,0.22388812315455403,0.23922635600455744,0.05393419725249084,0.05929423267407607
413,0.8897121285949039,0.904688571425466,0.7851719723060244,0.830114618485073,0.3368105302975356,0.3448784036829667,0.06285522506488701,0.06225245291540079
414,0.8851980139969154,0.8896642240892818,0.7018499322345566,0.7622357072484522,0.3988404211885107,0.400593097130863,0.09168628064569755,0.08336802498278759
415,0.845093134195459,0.8647910286985198,0.8144817867549746,0.7812591073686188,0.3926735984283824,0.38076653012160827,0.10137700212589922,0.06877166554753646
416,0.8462206881707337,0.8985684671746964,0.8136096841549864,0.8436021672518452,0.36533556309476084,0.33902687712410806,0.078620035128373,0.07454900476491985
417,0.7159598827619604,0.7341526862326607,0.661910683676714,0.7019323669907763,0.25135598633575723,0.23810427246474464,0.06486755670240259,0.07739594399403173
418,0.7980863202613143,0.7844531710938595,0.7132635238795132,0.7178339783044368,0.2989935329805381,0.30389917093558755,0.07429862248744096,0.07000503009956213
419,0.9526417287015485,0.9438021821906993,0.8228946108811496,0.8350131307768877,0.33745039611775945,0.24058954840416477,0.07027395921240982,0.07156296427054192
420,0.6840911745489379,0.6764692487545234,0.6911600226103572,0.6738777249786589,0.3060876975091068,0.3134878848212608,0.09390262747226999,0.0955069287316718
421,0.7064652009950754,0.7614287247624985,0.6928911272525345,0.7446254545309033,0.26245626730398824,0.3087769886375838,0.07571745539315469,0.06789069086751813
422,0.6440790043659713,0.6314205065068108,0.6326854946138634,0.6303185172962203,0.21948324975446237,0.16208079428800462,0.04901928587975698,0.05981354406440267
423,0.6550762052281446,0.6198864734905053,0.6772995340009702,0.664676627225196,0.27204498118966147,0.23529442690637037,0.06497883771461542,0.06801124529741537
424,0.6913084526030494,0.705363108783343,0.653194753877724,0.7332250986238922,0.2240921383436109,0.2131865991467524,0.06217826557392556,0.03349558467606549
425,0.6947804316501612,0.6964562338404185,0.7491110524600072,0.7329560480094495,0.2595073204803479,0.27641276091901557,0.009690721480201673,0.023554480918384926
426,0.6244751192404163,0.6290527066880586,0.6127435363135567,0.674679104117645,0.1789491410559346,0.1907727486035491,0.07169279211812357,0.06192788329644667
427,0.7341564683381772,0.7477594983400557,0.7448809614637044,0.7490016767299456,0.2735658216899037,0.2535816065800141,0.06231736683919161,0.07225847059687218
428,0.950161551705577,0.940165587577965,0.8500520285775343,0.9009184323676545,0.3100752671134003,0.318755186066002,0.07668189083233266,0.07491066805461159
429,0.7222552483643233,0.7444067927613857,0.6421639735243646,0.6824496105884155,0.18357657648045198,0.17740048030263922,0.0527842934596248,0.03993133654904153
430,0.8452701165117982,0.8902242584956253,0.7833527370667932,0.8695150516909539,0.24710876103630044,0.2367689003181905,0.06111182254021916,0.05918295166186323
431,0.8730565424853899,0.9204739266574725,0.8150104584962781,0.8389125543420873,0.41132244139171786,0.3938049553858796,0.07581018956999873,0.07394623261543362
432,0.9504546208690894,0.976756747296797,0.8242964656857954,0.8699810707710697,0.4417670716496146,0.4307131577698056,0.08510215408977105,0.09730597176244607
433,0.86608058821836,0.8784533959253567,0.777835901654562,0.882929019242118,0.47250845127341223,0.46221495764372433,0.07055216174294193,0.06581344530621173
434,0.8632620589987202,0.8438784238731183,0.7740001321514953,0.8080619385962851,0.23109617139688438,0.25078916334590845,0.06504899388979153,0.056674833446085274
435,0.8006108015480765,0.8610159316827981,0.8074209342731543,0.8090900024657377,0.2679005258710539,0.26423783912592613,0.03409364357909699,0.0544239752921411
436,0.9413567176240804,0.9042382247220351,0.8595890349143444,0.837456601706196,0.3839528360663474,0.3833477666701258,0.08763825134872943,0.0691715333760477
437,0.5705693255331167,0.5746606196618916,0.8021777615374677,0.7837752875003315,0.3805321770797082,0.3459706131675332,0.08074852782375339,0.0808776092949473
438,0.8902116677351296,0.8908254098706737,0.8667143341839586,0.8659526950733919,0.3093598809001546,0.3106991011637916,0.07000249534685864,0.07101901193251084
439,0.8222110931748238,0.8302710198435496,0.7869919408456619,0.7881001191517963,0.26446918179888085,0.28031054039375464,0.07689878046385742,0.0822653130494871
440,0.7710643906575725,0.7753414143859199,0.6763361033249865,0.6835928896871452,0.24451213655938883,0.23722495020627066,0.079150303157678,0.06922423536771634
441,0.7561344618318027,0.794092030645805,0.7326200712377164,0.7369404513006371,0.27161917859717843,0.299444448304323,0.07444550842471244,0.07561565462759409
442,0.7543517363665831,0.7354546311452971,0.6863378896069107,0.7488223267607665,0.33555758111739487,0.34183602074389097,0.08540453286273514,0.037751337497106206
443,0.790459265722737,0.8408659297018417,0.755208446849844,0.7225927928477713,0.3094834957276663,0.2908822060887544,0.07686650056860553,0.09128754377239534
444,0.8149500485439178,0.7939291024249491,0.714661440646896,0.7390326068365435,0.27626748351345315,0.30600533701427324,0.07884364415278487,0.07476023740341854
445,0.7529109850072816,0.7588268425199465,0.7365657985291097,0.7340859347781623,0.30013846605223904,0.29462667393797576,0.06646430432367822,0.07132242855909035
446,0.7440307832972446,0.7958716131255252,0.7448675915627586,0.7058440653472304,0.24013014077894235,0.2465941898031369,0.06423699155129659,0.07034596172772015
447,0.8543015088785681,0.9009707318715492,0.7889923835684646,0.8016999522584962,0.32180634574008216,0.3344277847835781,0.07028140193721633,0.06447102079187292
448,0.7324880899643811,0.737119355582406,0.7396079431830817,0.7387805216624423,0.2829655617782241,0.27441945951028146,0.07569635436572386,0.07911802326242609
449,0.7074370274810831,0.7472317431210085,0.6450682539739079,0.6738310168796472,0.24847449370156052,0.26440462200837705,0.07208907607132316,0.060944442235601984
450,0.7404541173382999,0.7535610751455852,0.6585963044890154,0.6563795876816594,0.2538894461300681,0.2535989270728009,0.07516373609406739,0.06393033254640346
451,0.6782036148932187,0.6952013615463231,0.5844150805690295,0.6181932170849568,0.23887122486411794,0.24138905669376676,0.08353229893812449,0.06601238579015152
452,0.7220402334222062,0.7415824748777526,0.6116680427890835,0.6316839607452476,0.3579921083174708,0.3360014296771086,0.08346773914762068,0.08872936207368165
453,0.685267317106537,0.7262384415326094,0.6787425805892358,0.7331531816239514,0.24437494700456824,0.24455248642845373,0.07679387080428873,0.06528608814698358
454,0.7457298622796171,0.7173706243702243,0.664424744870896,0.6156088052567016,0.3628986523957608,0.3634312706674173,0.09546779020751742,0.0762451125850063
455,0.7077657304904508,0.7217188779812274,0.6770736375298718,0.675282382499411,0.25992578654217485,0.26415445282017475,0.07688264051623148,0.06915160560339956
